time,symbol,r,risk_pct,risk_amount,pnl,equity,month
2025-01-01 02:50:00,Volatility 75 Index,-1.505892985820181,0.05,5.0,-7.5294649291009055,92.47053507089909,2025-01
2025-01-01 17:50:00,Volatility 75 Index,0.9911848958840226,0.1,9.247053507089909,9.165539767658897,101.63607483855799,2025-01
2025-01-02 03:30:00,Volatility 75 Index,1.1871733941731264,0.05,5.081803741927899,6.0329821968262385,107.66905703538423,2025-01
2025-01-02 12:05:00,Volatility 75 Index,-1.2400124211049004,0.05,5.383452851769212,-6.67554840462642,100.9935086307578,2025-01
2025-01-02 21:10:00,Volatility 75 Index,0.9305052881630601,0.05,5.0496754315378904,4.69874969255309,105.6922583233109,2025-01
2025-01-03 13:25:00,Volatility 75 Index,-1.0157237179735974,0.05,5.284612916165545,-5.367706679258962,100.32455164405194,2025-01
2025-01-03 16:35:00,Volatility 75 Index,-1.0189599831707865,0.05,5.016227582202597,-5.111335172741994,95.21321647130995,2025-01
2025-01-04 13:15:00,Volatility 75 Index,0.7755711962512442,0.1,9.521321647130994,7.384462819758252,102.5976792910682,2025-01
2025-01-04 17:05:00,Volatility 75 Index,1.3252294197031065,0.05,5.129883964553411,6.798273149489388,109.3959524405576,2025-01
2025-01-04 17:15:00,Volatility 75 Index,0.49171995835317467,0.05,5.46979762202788,2.689608658903843,112.08556109946143,2025-01
2025-01-05 02:50:00,Volatility 75 Index,0.8769771644136093,0.05,5.604278054973072,4.914823877235702,117.00038497669713,2025-01
2025-01-05 03:00:00,Volatility 75 Index,-0.9220705016131922,0.05,5.850019248834857,-5.394130183219986,111.60625479347715,2025-01
2025-01-07 05:50:00,Volatility 75 Index,0.733595191804762,0.05,5.580312739673857,4.0936905945916005,115.69994538806876,2025-01
2025-01-07 09:20:00,Volatility 75 Index,-0.17322950252783517,0.05,5.784997269403438,-1.0021321991036425,114.69781318896511,2025-01
2025-01-09 05:15:00,Volatility 75 Index,-0.7421557345607968,0.05,5.734890659448256,-4.256181989988672,110.44163119897644,2025-01
2025-01-10 12:15:00,Volatility 75 Index,-1.5004973425621755,0.05,5.522081559948822,-8.285868706114801,102.15576249286164,2025-01
2025-01-10 17:35:00,Crash 500 Index,1.3017574293205507,0.05,5.107788124643083,6.649101138649416,108.80486363151105,2025-01
2025-01-10 17:40:00,Crash 500 Index,-1.1056705101878932,0.05,5.440243181575553,-6.015116454118849,102.7897471773922,2025-01
2025-01-12 02:45:00,Volatility 75 Index,-1.0158445681616988,0.05,5.13948735886961,-5.220920316643409,97.56882686074879,2025-01
2025-01-12 20:25:00,Volatility 75 Index,0.19239469553999652,0.1,9.75688268607488,1.87717247380684,99.44599933455562,2025-01
2025-01-14 01:40:00,Volatility 75 Index,0.9625135568273124,0.1,9.944599933455564,9.571812253174969,109.01781158773059,2025-01
2025-01-14 01:50:00,Volatility 75 Index,1.1074380982517182,0.05,5.45089057938653,6.036523897014026,115.05433548474461,2025-01
2025-01-14 02:10:00,Volatility 75 Index,0.9269605540007687,0.05,5.752716774237231,5.332541528056459,120.38687701280107,2025-01
2025-01-14 22:45:00,Volatility 75 Index,-1.0804596420880566,0.05,6.019343850640054,-6.503658102467496,113.88321891033357,2025-01
2025-01-15 03:10:00,Volatility 75 Index,0.8538961350570674,0.05,5.694160945516678,4.862222023769588,118.74544093410316,2025-01
2025-01-15 07:35:00,Volatility 75 Index,0.8419949748816161,0.05,5.937272046705158,4.999153227830831,123.74459416193399,2025-01
2025-01-15 07:55:00,Volatility 75 Index,-0.795701691121779,0.05,6.1872297080967,-4.923189142091455,118.82140501984253,2025-01
2025-01-15 08:40:00,Crash 500 Index,1.3891301859219793,0.05,5.9410702509921265,8.252920022336234,127.07432504217877,2025-01
2025-01-15 08:50:00,Crash 500 Index,1.1372664968462107,0.05,6.3537162521089385,7.225868623990768,134.30019366616955,2025-01
2025-01-15 20:05:00,Volatility 75 Index,0.42126521085725976,0.05,6.715009683308478,2.828799970147487,137.12899363631703,2025-01
2025-01-16 08:15:00,Volatility 75 Index,0.811216974815873,0.05,6.856449681815852,5.562068368859911,142.69106200517695,2025-01
2025-01-16 14:00:00,Crash 500 Index,-1.0004814346753421,0.05,7.134553100258848,-7.137987921514382,135.55307408366255,2025-01
2025-01-16 19:55:00,Volatility 75 Index,-0.19448020557049148,0.05,6.777653704183128,-1.3181194856751377,134.2349545979874,2025-01
2025-01-17 00:50:00,Volatility 75 Index,1.5409337543924015,0.05,6.711747729899371,10.342358627968515,144.57731322595592,2025-01
2025-01-18 08:25:00,Volatility 75 Index,-1.9276608563733924,0.05,7.228865661297796,-13.934801371265518,130.6425118546904,2025-01
2025-01-18 16:35:00,Volatility 75 Index,0.21927255563250536,0.05,6.532125592734521,1.4323158724313922,132.0748277271218,2025-01
2025-01-18 17:25:00,Volatility 75 Index,-0.9457029169408298,0.05,6.6037413863560905,-6.245177491799834,125.82965023532196,2025-01
2025-01-19 09:05:00,Volatility 75 Index,1.4198944765420896,0.05,6.291482511766098,8.933241267717834,134.7628915030398,2025-01
2025-01-19 12:10:00,Volatility 75 Index,-1.4922999564534425,0.05,6.738144575151991,-10.055332856076316,124.70755864696349,2025-01
2025-01-20 03:25:00,Volatility 75 Index,1.2069856948364925,0.05,6.235377932348175,7.526011966243394,132.2335706132069,2025-01
2025-01-20 20:20:00,Volatility 75 Index,-1.11494671607732,0.05,6.611678530660345,-7.371669265518673,124.86190134768822,2025-01
2025-01-21 18:55:00,Volatility 75 Index,-1.1521209071491492,0.05,6.243095067384411,-7.192800352453307,117.66910099523491,2025-01
2025-01-24 07:30:00,Volatility 75 Index,1.0438564483227222,0.05,5.883455049761746,6.141482492110681,123.8105834873456,2025-01
2025-01-24 07:50:00,Volatility 75 Index,-0.6591830778636315,0.05,6.19052917436728,-4.08069207476403,119.72989141258157,2025-01
2025-01-24 14:40:00,Volatility 75 Index,0.7264869288521036,0.05,5.986494570629079,4.349110055206112,124.07900146778768,2025-01
2025-01-25 07:35:00,Volatility 75 Index,1.3721145417356668,0.05,6.203950073389384,8.51253011189963,132.5915315796873,2025-01
2025-01-25 07:40:00,Volatility 75 Index,-1.1066204433794227,0.05,6.629576578984366,-7.336424973253516,125.2551066064338,2025-01
2025-01-27 14:35:00,Volatility 75 Index,1.1029020934542313,0.05,6.26275533032169,6.907205964603438,132.16231257103723,2025-01
2025-01-27 21:05:00,Volatility 75 Index,1.588636799093012,0.05,6.608115628551862,10.497895660179136,142.66020823121636,2025-01
2025-01-27 21:30:00,Volatility 75 Index,-1.300086467405382,0.05,7.133010411560818,-9.273530307931914,133.38667792328445,2025-01
2025-01-28 14:10:00,Volatility 75 Index,-0.5242338201536481,0.05,6.669333896164223,-3.496290386266384,129.89038753701806,2025-01
2025-01-28 23:20:00,Volatility 75 Index,0.9348781014772235,0.05,6.494519376850903,6.071583945037412,135.96197148205547,2025-01
2025-01-28 23:30:00,Volatility 75 Index,-0.9811751656410678,0.05,6.798098574102774,-6.670125494489596,129.2918459875659,2025-01
2025-01-29 19:25:00,Volatility 75 Index,-1.3315183044900831,0.05,6.464592299378295,-8.607722977687835,120.68412300987805,2025-01
2025-01-30 23:10:00,Volatility 75 Index,-0.7217393642692511,0.05,6.034206150493903,-4.355124110927075,116.32899889895097,2025-01
2025-01-31 06:35:00,Volatility 75 Index,-0.3946242962716199,0.05,5.816449944947549,-2.2953124663240287,114.03368643262694,2025-01
2025-02-01 16:25:00,Volatility 75 Index,2.226189551180575,0.05,5.7016843216313475,12.693030060945812,126.72671649357275,2025-02
2025-02-01 16:45:00,Volatility 75 Index,-1.7689194738193297,0.05,6.336335824678638,-11.208467832933104,115.51824866063964,2025-02
2025-02-02 18:15:00,Volatility 75 Index,-0.9171196355542014,0.05,5.775912433031983,-5.297202705575272,110.22104595506437,2025-02
2025-02-02 22:20:00,Volatility 75 Index,0.5637444677047923,0.05,5.511052297753219,3.1068252440901607,113.32787119915453,2025-02
2025-02-03 19:55:00,Volatility 75 Index,-1.2008253249156258,0.05,5.666393559957727,-6.8043488877360465,106.52352231141849,2025-02
2025-02-03 21:50:00,Volatility 75 Index,1.0397844687718674,0.05,5.326176115570925,5.538075202914322,112.06159751433282,2025-02
2025-02-04 16:40:00,Volatility 75 Index,1.2479298356242707,0.05,5.603079875716642,6.992250548292728,119.05384806262555,2025-02
2025-02-04 16:55:00,Volatility 75 Index,-1.0758860825534222,0.05,5.952692403131278,-6.404418910250427,112.64942915237512,2025-02
2025-02-05 08:55:00,Volatility 75 Index,0.7678940021680846,0.05,5.632471457618756,4.325141049688371,116.97457020206349,2025-02
2025-02-06 04:00:00,Volatility 75 Index,-1.1606181236127868,0.05,5.848728510103175,-6.7881403089165575,110.18642989314694,2025-02
2025-02-06 13:35:00,Crash 500 Index,1.1837902517635353,0.05,5.509321494657347,6.521881079206677,116.70831097235362,2025-02
2025-02-09 00:05:00,Volatility 75 Index,1.1343151465694148,0.05,5.835415548617681,6.619200243323707,123.32751121567732,2025-02
2025-02-09 09:05:00,Volatility 75 Index,0.911846574716858,0.05,6.166375560783866,5.6227884335185125,128.95029964919584,2025-02
2025-02-09 09:45:00,Volatility 75 Index,-1.8213883996791842,0.05,6.447514982459793,-11.743428995810005,117.20687065338583,2025-02
2025-02-09 19:35:00,Volatility 75 Index,0.9538745874587333,0.05,5.860343532669292,5.590032769591377,122.79690342297721,2025-02
2025-02-10 14:10:00,Volatility 75 Index,-1.5536414102975202,0.05,6.139845171148861,-9.539117710712135,113.25778571226508,2025-02
2025-02-10 21:00:00,Volatility 75 Index,-0.3912078669908879,0.05,5.662889285613254,-2.215366838430314,111.04241887383476,2025-02
2025-02-11 02:15:00,Volatility 75 Index,0.8922331545924562,0.05,5.5521209436917385,4.953786384268925,115.99620525810369,2025-02
2025-02-12 11:00:00,Volatility 75 Index,0.8551125258278847,0.05,5.799810262905185,4.95949040323534,120.95569566133902,2025-02
2025-02-12 18:20:00,Volatility 75 Index,-1.0052770473768193,0.05,6.047784783066952,-6.079699229892003,114.87599643144702,2025-02
2025-02-13 08:35:00,Volatility 75 Index,-1.1590492534055092,0.05,5.743799821572352,-6.657346894904132,108.21864953654288,2025-02
2025-02-13 10:20:00,Volatility 75 Index,0.8726708074534119,0.05,5.410932476827145,4.721962813628634,112.94061235017152,2025-02
2025-02-13 10:30:00,Volatility 75 Index,-0.8479752636132301,0.05,5.647030617508577,-4.788542276513817,108.1520700736577,2025-02
2025-02-13 21:55:00,Volatility 75 Index,-0.9807354362740672,0.05,5.407603503682886,-5.303428381381609,102.84864169227609,2025-02
2025-02-14 15:10:00,Volatility 75 Index,0.9897944969802177,0.05,5.142432084613805,5.089950978445254,107.93859267072135,2025-02
2025-02-15 04:50:00,Crash 500 Index,-1.1648387271057112,0.05,5.396929633536068,-6.286552644607246,101.65204002611411,2025-02
2025-02-16 19:55:00,Volatility 75 Index,1.5425761363040105,0.05,5.082602001305705,7.840300557545186,109.4923405836593,2025-02
2025-02-16 23:15:00,Volatility 75 Index,0.8211516343264548,0.05,5.474617029182966,4.495490720825033,113.98783130448433,2025-02
2025-02-20 21:15:00,Volatility 75 Index,-1.4867166403352123,0.05,5.699391565224217,-8.473380279804996,105.51445102467933,2025-02
2025-02-21 10:25:00,Crash 500 Index,1.1378161698283369,0.05,5.275722551233967,6.002802426322014,111.51725345100135,2025-02
2025-02-21 10:40:00,Crash 500 Index,-1.201951253145793,0.05,5.575862672550068,-6.7019151266404045,104.81533832436095,2025-02
2025-02-21 13:15:00,Volatility 75 Index,0.6760143051465732,0.05,5.240766916218048,3.542833405302293,108.35817172966324,2025-02
2025-02-21 20:25:00,Volatility 75 Index,0.4874170163949104,0.05,5.417908586483162,2.6407808383239892,110.99895256798723,2025-02
2025-02-22 06:00:00,Boom 1000 Index,1.3624751451524264,0.05,5.549947628399362,7.561665700591786,118.56061826857902,2025-02
2025-02-23 17:35:00,Volatility 75 Index,-1.1489268320307797,0.05,5.928030913428952,-6.810873777546455,111.74974449103257,2025-02
2025-02-24 05:35:00,Crash 500 Index,-1.0300651136550412,0.05,5.587487224551629,-5.755475663003865,105.99426882802871,2025-02
2025-02-24 06:30:00,Volatility 75 Index,0.6419075021791815,0.05,5.299713441401436,3.4019258174354294,109.39619464546413,2025-02
2025-02-24 10:00:00,Volatility 75 Index,-1.4526604335858353,0.05,5.469809732273207,-7.945776177316019,101.45041846814811,2025-02
2025-02-24 19:05:00,Volatility 75 Index,0.5191461938394192,0.05,5.0725209234074065,2.633379930557771,104.08379839870588,2025-02
2025-02-25 15:25:00,Volatility 75 Index,-0.06561255150440601,0.05,5.204189919935295,-0.3414601791604651,103.74233821954542,2025-02
2025-02-25 20:25:00,Crash 500 Index,1.6669011318808429,0.05,5.187116910977271,8.646411050106275,112.3887492696517,2025-02
2025-02-25 20:30:00,Crash 500 Index,1.285344639461344,0.05,5.619437463482585,7.2229138204755925,119.6116630901273,2025-02
2025-02-25 20:50:00,Crash 500 Index,1.2262886252429486,0.05,5.980583154506365,7.333921094690747,126.94558418481805,2025-02
2025-02-26 07:15:00,Crash 500 Index,-1.2889380178457068,0.05,6.347279209240902,-8.181249482672234,118.76433470214582,2025-02
2025-02-26 17:10:00,Volatility 75 Index,1.2172246457832934,0.05,5.938216735107291,7.228143761975398,125.99247846412122,2025-02
2025-02-28 04:35:00,Volatility 75 Index,-0.8445819341469958,0.05,6.299623923206061,-5.320548557460061,120.67192990666116,2025-02
2025-02-28 18:05:00,Volatility 75 Index,-1.0174496469662788,0.05,6.033596495333058,-6.138880624113598,114.53304928254757,2025-02
2025-03-02 08:00:00,Volatility 75 Index,-0.9133718663606009,0.05,5.726652464127379,-5.230563249158558,109.302486033389,2025-03
2025-03-02 14:05:00,Crash 500 Index,-0.1150835659064376,0.05,5.465124301669451,-0.62894599275805,108.67354004063095,2025-03
2025-03-02 19:40:00,Volatility 75 Index,-1.3678639570368822,0.05,5.433677002031548,-7.432530925259176,101.24100911537178,2025-03
2025-03-03 07:55:00,Volatility 75 Index,-0.8524375944033817,0.05,5.062050455768589,-4.3150821132639186,96.92592700210787,2025-03
2025-03-04 07:20:00,Crash 500 Index,1.372326353358181,0.1,9.692592700210788,13.301400394866397,110.22732739697426,2025-03
2025-03-04 07:30:00,Crash 500 Index,1.3265051523240925,0.05,5.511366369848713,7.310855885950048,117.53818328292431,2025-03
2025-03-04 07:40:00,Crash 500 Index,1.4480599351449208,0.05,5.876909164146216,8.51011670308616,126.04829998601046,2025-03
2025-03-04 20:30:00,Crash 500 Index,-1.1268148784250172,0.05,6.302414999300524,-7.101654991220824,118.94664499478964,2025-03
2025-03-04 21:30:00,Crash 500 Index,1.190345278222681,0.05,5.947332249739482,7.079378861498867,126.0260238562885,2025-03
2025-03-04 21:35:00,Volatility 75 Index,-0.7028058985995452,0.05,6.301301192814425,-4.428591647162328,121.59743220912617,2025-03
2025-03-05 14:15:00,Volatility 75 Index,-0.5821090796572115,0.05,6.079871610456308,-3.5391484675967297,118.05828374152944,2025-03
2025-03-05 14:45:00,Volatility 75 Index,-0.8354632255919724,0.05,5.9029141870764725,-4.931667727127525,113.12661601440192,2025-03
2025-03-05 22:25:00,Volatility 75 Index,-0.819066968994676,0.05,5.656330800720096,-4.632913724577038,108.49370228982488,2025-03
2025-03-06 10:10:00,Volatility 75 Index,-0.5621166404964265,0.05,5.424685114491244,-3.049305772308791,105.4443965175161,2025-03
2025-03-07 14:00:00,Volatility 75 Index,-0.23478636310800202,0.05,5.272219825875805,-1.2378453184232838,104.20655119909281,2025-03
2025-03-07 15:00:00,Volatility 75 Index,-1.2752145159571995,0.05,5.210327559954641,-6.644285337346014,97.5622658617468,2025-03
2025-03-08 02:40:00,Crash 500 Index,-0.801203757334572,0.1,9.75622658617468,-7.816725398250599,89.7455404634962,2025-03
2025-03-08 08:10:00,Volatility 75 Index,1.1138127448598634,0.1,8.97455404634962,9.995972676257864,99.74151313975406,2025-03
2025-03-09 16:20:00,Volatility 75 Index,-1.1399493082926375,0.1,9.974151313975407,-11.370026891172367,88.37148624858169,2025-03
2025-03-10 22:35:00,Volatility 75 Index,-0.9703857138101157,0.1,8.83714862485817,-8.575442776379077,79.79604347220261,2025-03
2025-03-10 23:10:00,Volatility 75 Index,-1.0589392502781154,0.1,7.979604347220262,-8.449916244961415,71.3461272272412,2025-03
2025-03-14 14:30:00,Volatility 75 Index,-0.8153686456746759,0.1,7.13461272272412,-5.817339513140878,65.52878771410032,2025-03
2025-03-14 22:50:00,Volatility 75 Index,1.1184697752305532,0.1,6.5528787714100325,7.329196846572043,72.85798456067236,2025-03
2025-03-14 22:55:00,Volatility 75 Index,0.904378722418671,0.1,7.285798456067237,6.589121099498014,79.44710566017038,2025-03
2025-03-15 00:20:00,Volatility 75 Index,0.8223939133550839,0.1,7.944710566017038,6.533681612860236,85.98078727303061,2025-03
2025-03-15 07:55:00,Volatility 75 Index,1.4279295824994789,0.1,8.598078727303061,12.277450967375511,98.25823824040613,2025-03
2025-03-15 08:30:00,Volatility 75 Index,0.8163556118368963,0.1,9.825823824040613,8.021366419676227,106.27960466008236,2025-03
2025-03-16 21:55:00,Volatility 75 Index,1.0718036458224753,0.05,5.313980233004118,5.695543387562381,111.97514804764474,2025-03
2025-03-16 22:20:00,Volatility 75 Index,-0.821444895915386,0.05,5.598757402382237,-4.599070691655374,107.37607735598937,2025-03
2025-03-17 11:20:00,Volatility 75 Index,0.734962102886657,0.05,5.3688038677994685,3.945867380663915,111.32194473665328,2025-03
2025-03-17 12:00:00,Volatility 75 Index,1.0060989215321687,0.05,5.566097236832665,5.600044427120528,116.9219891637738,2025-03
2025-03-19 13:20:00,Volatility 75 Index,0.9739678173799744,0.05,5.84609945818869,5.693912729478289,122.61590189325209,2025-03
2025-03-19 19:25:00,Volatility 75 Index,-0.798634211633287,0.05,6.130795094662605,-4.8962627071110925,117.719639186141,2025-03
2025-03-20 03:25:00,Volatility 75 Index,-1.1393654545372194,0.05,5.88598195930705,-6.70628451046375,111.01335467567725,2025-03
2025-03-20 20:10:00,Volatility 75 Index,-1.05810307744962,0.05,5.550667733783863,-5.873178611017014,105.14017606466024,2025-03
2025-03-21 19:45:00,Volatility 75 Index,-1.2245253462643457,0.05,5.2570088032330125,-6.437340525093618,98.70283553956662,2025-03
2025-03-22 15:35:00,Volatility 75 Index,0.8999583445273799,0.1,9.870283553956662,8.882844047234661,107.58567958680128,2025-03
2025-03-22 16:00:00,Volatility 75 Index,1.1123051722586998,0.05,5.379283979340064,5.983405393268314,113.56908498006959,2025-03
2025-03-25 01:40:00,Volatility 75 Index,1.1965422068714149,0.05,5.6784542490034795,6.794510178720986,120.36359515879057,2025-03
2025-03-25 05:15:00,Crash 500 Index,1.5724456508797946,0.05,6.018179757939529,9.463260586584827,129.8268557453754,2025-03
2025-03-25 05:50:00,Crash 500 Index,-1.1330708458786647,0.05,6.491342787268771,-7.355151262858995,122.47170448251642,2025-03
2025-03-25 11:20:00,Volatility 75 Index,-1.1319523895545975,0.05,6.123585224125821,-6.931606927090449,115.54009755542597,2025-03
2025-03-25 15:10:00,Volatility 75 Index,1.3021832553656598,0.05,5.777004877771299,7.522719017999526,123.0628165734255,2025-03
2025-03-25 18:20:00,Volatility 75 Index,0.836282655172889,0.05,6.153140828671275,5.145764949853925,128.2085815232794,2025-03
2025-03-25 23:05:00,Volatility 75 Index,0.7054159274591123,0.05,6.410429076163971,4.522018772173068,132.73060029545246,2025-03
2025-03-28 20:30:00,Crash 500 Index,0.8455607981003365,0.05,6.636530014772624,5.6115896159079774,138.34218991136044,2025-03
2025-03-28 21:20:00,Crash 500 Index,-1.2569935557730452,0.05,6.917109495568022,-8.694762060505543,129.64742785085488,2025-03
2025-03-29 07:40:00,Volatility 75 Index,0.8644702750054949,0.05,6.482371392542745,5.603817380399179,135.25124523125407,2025-03
2025-03-29 23:55:00,Volatility 75 Index,-1.2759806844792374,0.05,6.762562261562704,-8.628898823342238,126.62234640791183,2025-03
2025-03-30 07:55:00,Volatility 75 Index,-1.2737263404665058,0.05,6.331117320395592,-8.064110895571588,118.55823551234025,2025-03
2025-03-30 10:25:00,Crash 500 Index,-1.5043628137454146,0.05,5.927911775617012,-8.917730038401785,109.64050547393846,2025-03
2025-03-31 05:00:00,Volatility 75 Index,-0.5786341132307489,0.05,5.482025273696923,-3.1720868329541725,106.46841864098428,2025-03
2025-03-31 05:15:00,Volatility 75 Index,-0.3992361754188408,0.05,5.323420932049214,-2.1253022130559294,104.34311642792835,2025-03
2025-03-31 22:15:00,Volatility 75 Index,0.8994136405842463,0.05,5.2171558213964175,4.692381110817446,109.0354975387458,2025-03
2025-03-31 22:25:00,Volatility 75 Index,-0.9632387263161029,0.05,5.45177487693729,-5.251360688623204,103.7841368501226,2025-03
2025-04-01 17:15:00,Crash 500 Index,-2.8958765972573453,0.05,5.18920684250613,-15.027302653541184,88.75683419658141,2025-04
2025-04-01 20:25:00,Crash 500 Index,-1.306190021886781,0.1,8.875683419658142,-11.593329120183407,77.163505076398,2025-04
2025-04-02 06:45:00,Volatility 75 Index,1.2365134897860268,0.1,7.7163505076398,9.541371494613868,86.70487657101187,2025-04
2025-04-02 06:50:00,Volatility 75 Index,-1.1343634005060466,0.1,8.670487657101187,-9.835483862755007,76.86939270825685,2025-04
2025-04-02 19:50:00,Volatility 75 Index,1.1616475565047317,0.1,7.686939270825686,8.929514220954923,85.79890692921178,2025-04
2025-04-03 09:15:00,Volatility 75 Index,-0.5384647030993408,0.1,8.579890692921179,-4.6199682945886,81.17893863462318,2025-04
2025-04-04 09:50:00,Volatility 75 Index,0.9085237559328604,0.1,8.117893863462319,7.375299423097105,88.55423805772028,2025-04
2025-04-04 09:55:00,Volatility 75 Index,-0.9225341585194582,0.1,8.855423805772029,-8.169430948991076,80.3848071087292,2025-04
2025-04-05 03:50:00,Volatility 75 Index,0.5861312821934092,0.1,8.038480710872921,4.711605005950933,85.09641211468013,2025-04
2025-04-05 04:35:00,Volatility 75 Index,1.7103880977496415,0.1,8.509641211468013,14.55478904421473,99.65120115889486,2025-04
2025-04-06 04:35:00,Volatility 75 Index,1.3407703729125446,0.1,9.965120115889487,13.360937813899447,113.0121389727943,2025-04
2025-04-06 22:35:00,Crash 500 Index,-1.092855533017815,0.05,5.650606948639716,-6.175297068729825,106.83684190406449,2025-04
2025-04-07 18:50:00,Volatility 75 Index,1.6252012306699284,0.05,5.341842095203225,8.68156834716871,115.51841025123319,2025-04
2025-04-08 00:15:00,Volatility 75 Index,0.7212927852682013,0.05,5.77592051256166,4.166129793993337,119.68454004522653,2025-04
2025-04-09 16:25:00,Volatility 75 Index,1.7139650851305672,0.05,5.984227002261327,10.256756143371474,129.941296188598,2025-04
2025-04-12 03:45:00,Volatility 75 Index,-0.9123465777524464,0.05,6.4970648094299,-5.92757484431922,124.01372134427876,2025-04
2025-04-14 17:45:00,Volatility 75 Index,-0.985266460937383,0.05,6.200686067213939,-6.109328016827617,117.90439332745115,2025-04
2025-04-15 18:05:00,Volatility 75 Index,0.37279832347141806,0.05,5.895219666372558,2.197728008119422,120.10212133557057,2025-04
2025-04-19 06:25:00,Volatility 75 Index,1.164310102002724,0.05,6.005106066778529,6.9918056571480856,127.09392699271866,2025-04
2025-04-19 06:45:00,Volatility 75 Index,-1.0883827068902692,0.05,6.354696349635933,-6.916341614482469,120.17758537823619,2025-04
2025-04-20 09:30:00,Volatility 75 Index,-0.7452050272576606,0.05,6.00887926891181,-4.477847039377417,115.69973833885877,2025-04
2025-04-20 14:30:00,Volatility 75 Index,1.0560724914805808,0.05,5.784986916942938,6.109365546558493,121.80910388541726,2025-04
2025-04-22 08:00:00,Volatility 75 Index,-0.6660268510954438,0.05,6.090455194270863,-4.056406694778112,117.75269719063914,2025-04
2025-04-23 11:25:00,Volatility 75 Index,-1.4805809061106352,0.05,5.887634859531957,-8.717119755174387,109.03557743546475,2025-04
2025-04-24 05:20:00,Volatility 75 Index,-1.0108423411227656,0.05,5.451778871773238,-5.51088891802689,103.52468851743785,2025-04
2025-04-24 09:30:00,Volatility 75 Index,0.8125369585665659,0.05,5.176234425871893,4.205881777225502,107.73057029466335,2025-04
2025-04-24 10:25:00,Volatility 75 Index,1.5427042171382062,0.05,5.386528514733168,8.309820255414056,116.0403905500774,2025-04
2025-04-25 03:05:00,Volatility 75 Index,1.7660133407138927,0.05,5.80201952750387,10.246443888654351,126.28683443873176,2025-04
2025-04-25 09:35:00,Volatility 75 Index,0.7274806706258502,0.05,6.3143417219365885,4.593561550435215,130.88039598916697,2025-04
2025-04-25 21:00:00,Volatility 75 Index,-0.6271151441748417,0.05,6.544019799458349,-4.103853920020341,126.77654206914663,2025-04
2025-04-26 07:40:00,Volatility 75 Index,-1.3912834643678607,0.05,6.338827103457332,-8.819105332527007,117.95743673661963,2025-04
2025-04-26 15:35:00,Volatility 75 Index,-1.0869186095862235,0.05,5.897871836830982,-6.410506656406077,111.54693008021356,2025-04
2025-04-26 19:20:00,Volatility 75 Index,1.0894207189881797,0.05,5.577346504010678,6.076076838445523,117.62300691865909,2025-04
2025-04-26 19:25:00,Volatility 75 Index,1.0854204542222574,0.05,5.881150345932955,6.383520879831934,124.00652779849102,2025-04
2025-04-26 19:45:00,Volatility 75 Index,-0.5895872695843495,0.05,6.200326389924552,-3.655633506767403,120.35089429172362,2025-04
2025-04-27 06:50:00,Volatility 75 Index,-1.2331706295968525,0.05,6.017544714586181,-7.4206594043134535,112.93023488741017,2025-04
2025-04-29 08:20:00,Volatility 75 Index,-1.0523696441027164,0.05,5.646511744370509,-5.9422175548450005,106.98801733256516,2025-04
2025-04-29 11:15:00,Volatility 75 Index,0.8953974501864851,0.05,5.349400866628258,4.789839896004316,111.77785722856947,2025-04
2025-04-29 11:25:00,Volatility 75 Index,0.8593261597672346,0.05,5.588892861428474,4.802681839961841,116.58053906853131,2025-04
2025-04-29 11:55:00,Volatility 75 Index,1.1296991370931915,0.05,5.829026953426566,6.585046719378947,123.16558578791026,2025-04
2025-04-29 19:20:00,Crash 500 Index,1.2590162408673635,0.05,6.158279289395513,7.753373641146077,130.91895942905634,2025-04
2025-04-29 19:25:00,Crash 500 Index,-1.7213709217873998,0.05,6.545947971452818,-11.268004493592096,119.65095493546424,2025-04
2025-04-30 01:10:00,Volatility 75 Index,0.3917046687652152,0.05,5.982547746773212,2.343391883521886,121.99434681898613,2025-04
2025-04-30 06:20:00,Volatility 75 Index,1.1460093639748934,0.05,6.099717340949307,6.990333190327943,128.98468000931408,2025-04
2025-04-30 06:30:00,Volatility 75 Index,1.168616680340138,0.05,6.4492340004657045,7.53668242836098,136.52136243767507,2025-04
2025-04-30 06:55:00,Volatility 75 Index,1.1186600503949553,0.05,6.826068121883754,7.636049709225878,144.15741214690095,2025-04
2025-04-30 12:30:00,Crash 500 Index,2.312665295327651,0.05,7.207870607345048,16.669392206819133,160.8268043537201,2025-04
2025-04-30 12:50:00,Crash 500 Index,1.3727766237846737,0.05,8.041340217686004,11.038963874738906,171.865768228459,2025-04
2025-04-30 13:05:00,Crash 500 Index,-1.0851940352042624,0.05,8.59328841142295,-9.325385326866098,162.5403829015929,2025-04
2025-04-30 15:20:00,Volatility 75 Index,-1.4503900364225406,0.05,8.127019145079645,-11.787347593838751,150.75303530775415,2025-04
2025-05-02 00:15:00,Volatility 75 Index,0.8019030973881005,0.05,7.537651765387707,6.044466297697286,156.79750160545143,2025-05
2025-05-03 09:55:00,Volatility 75 Index,0.9016964622338143,0.05,7.839875080272572,7.069187624236819,163.86668922968826,2025-05
2025-05-03 17:30:00,Volatility 75 Index,1.6539300455632773,0.05,8.193334461484413,13.551202039198087,177.41789126888634,2025-05
2025-05-03 17:40:00,Volatility 75 Index,-1.0086020074519095,0.05,8.870894563444317,-8.947202064584168,168.47068920430218,2025-05
2025-05-04 03:55:00,Volatility 75 Index,-0.8997073196141218,0.05,8.423534460215109,-7.578715610877324,160.89197359342486,2025-05
2025-05-04 11:00:00,Volatility 75 Index,1.407076657043546,0.05,8.044598679671244,11.319367017448739,172.2113406108736,2025-05
2025-05-04 11:10:00,Volatility 75 Index,-0.9907171545887566,0.05,8.610567030543681,-8.530636467895995,163.68070414297762,2025-05
2025-05-04 18:25:00,Volatility 75 Index,1.5896047807662506,0.05,8.18403520714888,13.009381491243174,176.6900856342208,2025-05
2025-05-04 19:45:00,Volatility 75 Index,0.6924012977120347,0.05,8.83450428171104,6.117022229299251,182.80710786352003,2025-05
2025-05-05 19:50:00,Volatility 75 Index,-1.037533167093829,0.05,9.140355393176002,-9.483421879445057,173.32368598407498,2025-05
2025-05-06 04:00:00,Volatility 75 Index,-1.0129359151156303,0.05,8.66618429920375,-8.778289323674658,164.5453966604003,2025-05
2025-05-06 22:30:00,Volatility 75 Index,1.0350054618540971,0.05,8.227269833020015,8.515269213323162,173.06066587372348,2025-05
2025-05-08 14:15:00,Volatility 75 Index,1.1473754164444288,0.05,8.653033293686175,9.928277678850682,182.98894355257417,2025-05
2025-05-08 14:50:00,Volatility 75 Index,1.0039258824511854,0.05,9.149447177628709,9.185366831741408,192.1743103843156,2025-05
2025-05-08 17:15:00,Volatility 75 Index,-1.1472939851679136,0.05,9.60871551921578,-11.02402152038585,181.15028886392975,2025-05
2025-05-10 22:15:00,Volatility 75 Index,1.2266639986363368,0.05,9.057514443196487,11.110526884597776,192.26081574852753,2025-05
2025-05-10 22:25:00,Volatility 75 Index,-0.613692961931838,0.05,9.613040787426378,-5.8994554740072624,186.36136027452028,2025-05
2025-05-11 06:05:00,Volatility 75 Index,1.901802684975076,0.05,9.318068013726014,17.721126767284506,204.0824870418048,2025-05
2025-05-11 06:25:00,Volatility 75 Index,-1.2962719730303607,0.05,10.20412435209024,-13.227320406931167,190.85516663487363,2025-05
2025-05-12 10:25:00,Volatility 75 Index,0.8488620154027343,0.05,9.542758331743682,8.100485069985178,198.9556517048588,2025-05
2025-05-12 17:00:00,Volatility 75 Index,0.9354524240482129,0.05,9.94778258524294,9.305677333270108,208.2613290381289,2025-05
2025-05-12 17:45:00,Volatility 75 Index,1.275231640477177,0.05,10.413066451906445,13.279071813862513,221.54040085199142,2025-05
2025-05-16 09:55:00,Volatility 75 Index,0.6013762195683371,0.05,11.077020042599571,6.66145643730123,228.20185728929266,2025-05
2025-05-16 22:35:00,Volatility 75 Index,0.7538296126142292,0.05,11.410092864464634,8.601265883911756,236.80312317320443,2025-05
2025-05-17 02:30:00,Volatility 75 Index,0.5672403351679305,0.05,11.840156158660221,6.71621414787906,243.5193373210835,2025-05
2025-05-18 14:30:00,Volatility 75 Index,0.8851065064716364,0.05,12.175966866054175,10.777027495727609,254.2963648168111,2025-05
2025-05-18 18:05:00,Volatility 75 Index,1.1849440296835099,0.05,12.714818240840556,15.066347962995005,269.3627127798061,2025-05
2025-05-18 18:25:00,Volatility 75 Index,-0.4591822717772176,0.05,13.468135638990304,-6.184329119315276,263.1783836604908,2025-05
2025-05-19 15:55:00,Volatility 75 Index,0.9802571781634897,0.05,13.15891918302454,12.89912498603305,276.0775086465238,2025-05
2025-05-19 16:15:00,Volatility 75 Index,-1.172785174558335,0.05,13.803875432326192,-16.188980458482188,259.8885281880416,2025-05
2025-05-19 20:55:00,Crash 500 Index,-1.4505116823871067,0.05,12.994426409402081,-18.84856731275726,241.03996087528435,2025-05
2025-05-20 11:55:00,Volatility 75 Index,-1.3991164070845854,0.05,12.051998043764218,-16.862148201181846,224.1778126741025,2025-05
2025-05-20 20:20:00,Volatility 75 Index,2.0723466124237864,0.05,11.208890633705126,23.228706533787527,247.40651920789003,2025-05
2025-05-20 21:00:00,Volatility 75 Index,1.0506759347115642,0.05,12.370325960394503,12.997203791124223,260.40372299901424,2025-05
2025-05-21 19:40:00,Crash 500 Index,1.4371963681441222,0.05,13.020186149950712,18.712564247269565,279.1162872462838,2025-05
2025-05-21 20:10:00,Crash 500 Index,-1.3063770155590397,0.05,13.95581436231419,-18.231555116335993,260.8847321299478,2025-05
2025-05-22 21:25:00,Volatility 75 Index,-0.5343248775911769,0.05,13.04423660649739,-6.969860128037067,253.91487200191074,2025-05
2025-05-24 09:50:00,Volatility 75 Index,1.11536041586677,0.05,12.695743600095538,14.160329861540443,268.0752018634512,2025-05
2025-05-24 10:15:00,Volatility 75 Index,1.0660355702983924,0.05,13.40376009317256,14.288885035068041,282.36408689851925,2025-05
2025-05-24 16:25:00,Volatility 75 Index,-0.871481640234324,0.05,14.118204344925964,-12.303755879679438,270.0603310188398,2025-05
2025-05-26 01:45:00,Volatility 75 Index,-0.9611272005328176,0.05,13.503016550941991,-12.97811649635518,257.0822145224846,2025-05
2025-05-26 21:10:00,Volatility 75 Index,-1.5138978198580242,0.05,12.854110726124231,-19.459810204493117,237.62240431799148,2025-05
2025-05-27 12:10:00,Volatility 75 Index,-1.0886304830070874,0.05,11.881120215899575,-12.934149639300024,224.68825467869146,2025-05
2025-05-29 17:40:00,Volatility 75 Index,-1.1790071448726747,0.05,11.234412733934574,-13.245452881757421,211.44280179693405,2025-05
2025-05-30 00:00:00,Crash 500 Index,1.2861558843013352,0.05,10.572140089846704,13.597420186214384,225.04022198314843,2025-05
2025-05-30 11:40:00,Volatility 75 Index,1.225271294462156,0.05,11.252011099157421,13.78676620476716,238.8269881879156,2025-05
2025-05-30 11:55:00,Volatility 75 Index,1.2505587737607486,0.05,11.94134940939578,14.933359274462626,253.7603474623782,2025-05
2025-05-30 19:35:00,Volatility 75 Index,1.274882769121838,0.05,12.68801737311891,16.175734723307826,269.936082185686,2025-05
2025-05-30 19:50:00,Volatility 75 Index,-1.4101667209833602,0.05,13.496804109284302,-19.032743994544184,250.90333819114184,2025-05
2025-06-01 01:50:00,Volatility 75 Index,1.293870048378599,0.05,12.545166909557093,16.231815716186233,267.13515390732806,2025-06
2025-06-01 03:05:00,Volatility 75 Index,0.7961285289119396,0.05,13.356757695366404,10.633695855045286,277.76884976237335,2025-06
2025-06-01 15:55:00,Volatility 75 Index,-1.1607870918373528,0.05,13.888442488118669,-16.121524765933597,261.64732499643975,2025-06
2025-06-01 21:15:00,Volatility 75 Index,0.033872804641383196,0.05,13.082366249821987,0.4431364362272451,262.090461432667,2025-06
2025-06-02 15:20:00,Volatility 75 Index,0.9851897184079578,0.05,13.10452307163335,12.910441394813047,275.00090282748005,2025-06
2025-06-02 16:10:00,Volatility 75 Index,1.2465039219998448,0.05,13.750045141374002,17.139485196397604,292.1403880238777,2025-06
2025-06-03 18:45:00,Volatility 75 Index,0.8683086934642941,0.05,14.607019401193885,12.683401931658256,304.8237899555359,2025-06
2025-06-03 19:05:00,Volatility 75 Index,-0.5433550011298324,0.05,15.241189497776796,-8.281376536784501,296.54241341875144,2025-06
2025-06-04 03:20:00,Volatility 75 Index,-0.701690276076037,0.05,14.827120670937573,-10.4040463970029,286.13836702174854,2025-06
2025-06-04 09:15:00,Volatility 75 Index,-1.1034868321531082,0.05,14.306918351087427,-15.787496009114635,270.3508710126339,2025-06
2025-06-04 20:55:00,Volatility 75 Index,0.8677122249790503,0.05,13.517543550631695,11.72933779056984,282.08020880320373,2025-06
2025-06-04 21:05:00,Volatility 75 Index,1.1242190371186929,0.05,14.104010440160188,15.855997036548878,297.93620583975263,2025-06
2025-06-04 21:45:00,Volatility 75 Index,-1.1385080109196217,0.05,14.896810291987633,-16.960137854577788,280.97606798517484,2025-06
2025-06-05 06:15:00,Volatility 75 Index,1.0797102484605132,0.05,14.048803399258743,15.16863700878656,296.1447049939614,2025-06
2025-06-05 06:20:00,Volatility 75 Index,1.0519447759311384,0.05,14.80723524969807,15.576393766903292,311.72109876086466,2025-06
2025-06-05 06:40:00,Volatility 75 Index,-1.0062994931792317,0.05,15.586054938043233,-15.684239184816567,296.0368595760481,2025-06
2025-06-06 04:25:00,Crash 500 Index,-0.7032372267169639,0.05,14.801842978802405,-10.409207006712967,285.6276525693351,2025-06
2025-06-06 07:05:00,Volatility 75 Index,-1.1400771974331394,0.05,14.281382628466757,-16.281878682532703,269.3457738868024,2025-06
2025-06-07 10:20:00,Volatility 75 Index,-0.8344288457368676,0.05,13.467288694340121,-11.237494160423394,258.108279726379,2025-06
2025-06-07 10:50:00,Volatility 75 Index,1.1724098907938774,0.05,12.905413986318951,15.130435002349978,273.238714728729,2025-06
2025-06-09 02:45:00,Volatility 75 Index,0.9529188489167251,0.05,13.661935736436451,13.018716075939293,286.2574308046683,2025-06
2025-06-09 03:20:00,Volatility 75 Index,-0.8679904967829579,0.05,14.312871540233415,-12.423436478597862,273.8339943260704,2025-06
2025-06-11 10:55:00,Volatility 75 Index,-0.6864261862157968,0.05,13.691699716303521,-9.398341219074133,264.43565310699626,2025-06
2025-06-12 02:15:00,Volatility 75 Index,0.8247707259332924,0.05,13.221782655349813,10.90493927878508,275.34059238578135,2025-06
2025-06-12 02:25:00,Volatility 75 Index,-0.8064386317907377,0.05,13.767029619289069,-11.102264530002037,264.2383278557793,2025-06
2025-06-12 04:05:00,Volatility 75 Index,0.0468330765635596,0.05,13.211916392788964,0.6187546919748338,264.85708254775415,2025-06
2025-06-13 12:45:00,Volatility 75 Index,1.049059122718557,0.05,13.242854127387709,13.892536933167172,278.7496194809213,2025-06
2025-06-13 12:55:00,Volatility 75 Index,1.0956102473964417,0.05,13.937480974046066,15.27004697805781,294.0196664589791,2025-06
2025-06-13 13:00:00,Volatility 75 Index,-0.951222394563854,0.05,14.700983322948955,-13.98390455889879,280.0357619000803,2025-06
2025-06-13 17:30:00,Volatility 75 Index,1.3477309698029452,0.05,14.001788095004015,18.87064344825509,298.90640534833534,2025-06
2025-06-13 18:05:00,Volatility 75 Index,-1.1253079799414514,0.05,14.945320267416768,-16.818088159704796,282.0883171886305,2025-06
2025-06-14 11:40:00,Volatility 75 Index,0.8335999324376993,0.05,14.104415859431526,11.757440107495334,293.84575729612584,2025-06
2025-06-14 11:50:00,Volatility 75 Index,2.399631040027063,0.05,14.692287864806293,35.256070009402116,329.10182730552793,2025-06
2025-06-14 11:55:00,Volatility 75 Index,-1.51915116119492,0.05,16.4550913652764,-24.99777115512814,304.1040561503998,2025-06
2025-06-14 23:20:00,Volatility 75 Index,-0.6324848202781116,0.05,15.20520280751999,-9.617059965006518,294.4869961853933,2025-06
2025-06-15 12:10:00,Volatility 75 Index,1.5528841160882665,0.05,14.724349809269667,22.86520893854216,317.35220512393545,2025-06
2025-06-15 12:20:00,Volatility 75 Index,1.143771433814689,0.05,15.867610256196773,18.148919333942846,335.5011244578783,2025-06
2025-06-15 16:20:00,Crash 500 Index,1.1639659468963595,0.05,16.775056222893916,19.525594200720384,355.02671865859867,2025-06
2025-06-15 16:25:00,Crash 500 Index,3.8005419771140443,0.05,17.751335932929933,67.4646973629531,422.4914160215518,2025-06
2025-06-15 16:50:00,Crash 500 Index,-1.1757555940974138,0.05,21.124570801077592,-24.837332292273864,397.65408372927794,2025-06
2025-06-15 18:30:00,Volatility 75 Index,-1.0024330056076323,0.05,19.882704186463897,-19.931078917244456,377.7230048120335,2025-06
2025-06-16 04:00:00,Volatility 75 Index,-1.368840381960185,0.05,18.886150240601676,-25.85212510910264,351.87087970293084,2025-06
2025-06-16 08:20:00,Volatility 75 Index,0.9789601954763459,0.05,17.593543985146542,17.22337925882075,369.09425896175156,2025-06
2025-06-16 08:55:00,Volatility 75 Index,1.3076147498658353,0.05,18.45471294808758,24.13165485545933,393.2259138172109,2025-06
2025-06-20 22:15:00,Volatility 75 Index,-0.864837933331919,0.05,19.661295690860545,-17.003834331911598,376.2220794852993,2025-06
2025-06-22 07:45:00,Volatility 75 Index,0.9430877859994529,0.05,18.811103974264963,17.740522399295052,393.96260188459433,2025-06
2025-06-23 03:05:00,Volatility 75 Index,-0.8902120009617851,0.05,19.698130094229718,-17.535511806389795,376.4270900782045,2025-06
2025-06-25 08:30:00,Boom 1000 Index,1.1314366950617818,0.05,18.821354503910225,21.295171136490367,397.72226121469487,2025-06
2025-06-25 09:15:00,Boom 1000 Index,-1.2579193876870474,0.05,19.886113060734743,-25.015127164834844,372.70713404986003,2025-06
2025-06-26 10:00:00,Volatility 75 Index,-1.067292635478896,0.05,18.635356702493002,-19.889378968093066,352.81775508176696,2025-06
2025-06-27 12:20:00,Volatility 75 Index,1.0262429650819096,0.05,17.64088775408835,18.103836955432776,370.92159203719973,2025-06
2025-06-27 20:40:00,Volatility 75 Index,1.880674279137677,0.05,18.546079601859986,34.879134886058004,405.80072692325774,2025-06
2025-06-27 20:45:00,Volatility 75 Index,1.9522627520337308,0.05,20.29003634616289,39.61148219602438,445.4122091192821,2025-06
2025-06-27 20:55:00,Volatility 75 Index,-0.8056246646177696,0.05,22.270610455964107,-17.941753079419076,427.47045603986305,2025-06
2025-06-27 21:15:00,Volatility 75 Index,-0.8426883623074803,0.05,21.373522801993154,-18.011218926753198,409.45923711310985,2025-06
2025-06-28 11:30:00,Volatility 75 Index,-1.2209706089041616,0.05,20.472961855655495,-24.996884702971364,384.46235241013846,2025-06
2025-06-29 06:30:00,Volatility 75 Index,1.0740367055497226,0.05,19.223117620506926,20.646333919524082,405.10868632966253,2025-06
2025-06-29 12:55:00,Volatility 75 Index,-0.9263420724094835,0.05,20.25543431648313,-18.76346100228515,386.34522532737736,2025-06
2025-06-29 21:30:00,Volatility 75 Index,1.1082739246161306,0.05,19.31726126636887,21.408816956513792,407.7540422838912,2025-06
2025-06-29 21:35:00,Volatility 75 Index,0.8441431377890071,0.05,20.38770211419456,17.21013883498377,424.96418111887493,2025-06
2025-06-29 22:00:00,Volatility 75 Index,1.296516455314005,0.05,21.248209055943747,27.548652686983125,452.51283380585807,2025-06
2025-06-30 23:50:00,Volatility 75 Index,-1.6928582849186682,0.05,22.625641690292905,-38.30200498701357,414.2108288188445,2025-06
2025-07-01 03:55:00,Crash 500 Index,1.2508591065293055,0.05,20.710541440942226,25.905969362555147,440.11679818139964,2025-07
2025-07-01 04:05:00,Crash 500 Index,1.2251272440524548,0.05,22.005839909069984,26.95995400085843,467.0767521822581,2025-07
2025-07-01 04:15:00,Crash 500 Index,1.3605987227880911,0.05,23.353837609112905,31.775201623159507,498.85195380541757,2025-07
2025-07-01 11:55:00,Volatility 75 Index,1.0788659195737575,0.05,24.94259769027088,26.909718593672373,525.7616723990899,2025-07
2025-07-01 12:00:00,Volatility 75 Index,-1.0889324775173197,0.03,15.772850171972696,-17.17556881527571,508.5861035838142,2025-07
2025-07-01 15:20:00,Volatility 75 Index,1.2105933511230755,0.03,15.257583107514424,18.470728664164714,527.056832247979,2025-07
2025-07-02 05:30:00,Volatility 75 Index,-1.0394502731838886,0.03,15.811704967439368,-16.4354810479079,510.62135120007105,2025-07
2025-07-02 20:10:00,Volatility 75 Index,-0.9433165904140809,0.03,15.31864053600213,-14.450327760200459,496.17102343987057,2025-07
2025-07-02 23:45:00,Volatility 75 Index,0.9219424228762788,0.05,24.80855117199353,22.87205577555786,519.0430792154284,2025-07
2025-07-02 23:50:00,Volatility 75 Index,-1.3472279098919095,0.03,15.571292376462852,-20.978079682657874,498.0649995327705,2025-07
2025-07-03 04:20:00,Volatility 75 Index,1.1572655298016747,0.05,24.903249976638527,28.81967277799813,526.8846723107687,2025-07
2025-07-03 04:35:00,Volatility 75 Index,-1.0013650013649995,0.03,15.80654016932306,-15.828116118230106,511.05655619253855,2025-07
2025-07-03 17:15:00,Volatility 75 Index,-0.21005590301535804,0.03,15.331696685776157,-3.2205133920882827,507.8360428004503,2025-07
2025-07-04 02:55:00,Volatility 75 Index,-1.0429613834218732,0.03,15.235081284013509,-15.889601452519416,491.9464413479309,2025-07
2025-07-04 06:20:00,Volatility 75 Index,1.140919620685638,0.05,24.597322067396547,28.063567363016542,520.0100087109474,2025-07
2025-07-04 06:45:00,Volatility 75 Index,0.33385206392092176,0.03,15.600300261328423,5.208192440030589,525.2182011509781,2025-07
2025-07-04 21:50:00,Volatility 75 Index,-1.4696111136333914,0.03,15.756546034529341,-23.15599516482046,502.0622059861576,2025-07
2025-07-05 15:00:00,Volatility 75 Index,2.3010802621148123,0.03,15.061866179584728,34.658562976457056,536.7207689626147,2025-07
2025-07-05 15:50:00,Volatility 75 Index,-0.8085650306709399,0.03,16.10162306887844,-13.019209350539608,523.701559612075,2025-07
2025-07-05 22:25:00,Volatility 75 Index,-0.3151900020677044,0.03,15.71104678836225,-4.951964869709698,518.7495947423653,2025-07
2025-07-05 23:40:00,Crash 500 Index,-1.4150296301613665,0.03,15.562487842270958,-22.021381415839436,496.72821332652586,2025-07
2025-07-06 13:55:00,Volatility 75 Index,0.5097019173007451,0.05,24.836410666326294,12.65916613549519,509.38737946202104,2025-07
2025-07-06 14:15:00,Crash 500 Index,1.4028565500070802,0.03,15.281621383860632,21.43792265307715,530.8253021150982,2025-07
2025-07-06 14:15:00,Volatility 75 Index,1.3512740845084337,0.03,15.924759063452946,21.51871422448476,552.3440163395829,2025-07
2025-07-06 14:25:00,Crash 500 Index,1.3643720513791042,0.03,16.570320490187488,22.608082159206305,574.9520984987893,2025-07
2025-07-06 14:35:00,Volatility 75 Index,0.8088294500442971,0.03,17.248562954963678,13.951145688917707,588.903244187707,2025-07
2025-07-08 16:25:00,Crash 500 Index,1.1731903567511042,0.03,17.667097325631207,20.726868214213756,609.6301124019207,2025-07
2025-07-08 16:40:00,Crash 500 Index,-1.2052718751101261,0.03,18.288903372057618,-22.043100860947792,587.5870115409729,2025-07
2025-07-08 20:25:00,Volatility 75 Index,0.6866664145425081,0.03,17.627610346229186,12.104287993397616,599.6912995343705,2025-07
2025-07-10 08:15:00,Volatility 75 Index,0.931855093535467,0.03,17.990738986031115,16.764761760600198,616.4560612949707,2025-07
2025-07-11 19:00:00,Volatility 75 Index,1.115264967015158,0.03,18.49368183884912,20.62535546599289,637.0814167609636,2025-07
2025-07-12 13:05:00,Volatility 75 Index,0.9442244947038337,0.03,19.11244250282891,18.046436364789702,655.1278531257533,2025-07
2025-07-13 05:35:00,Volatility 75 Index,1.2098736045996135,0.03,19.653835593772598,23.778656914045836,678.9065100397992,2025-07
2025-07-13 05:40:00,Volatility 75 Index,0.8909467901001711,0.03,20.367195301193973,18.14608727694206,697.0525973167412,2025-07
2025-07-13 06:20:00,Volatility 75 Index,1.227815385519996,0.03,20.911577919502236,25.675557105065074,722.7281544218063,2025-07
2025-07-15 05:20:00,Volatility 75 Index,0.8642662414779408,0.03,21.681844632654187,18.7388863689727,741.4670407907789,2025-07
2025-07-15 05:35:00,Volatility 75 Index,-0.041162823774404375,0.03,22.244011223723366,-0.9156263140379979,740.5514144767409,2025-07
2025-07-15 08:20:00,Volatility 75 Index,0.8111337861573891,0.03,22.216542434302227,18.02058818006186,758.5720026568027,2025-07
2025-07-15 12:05:00,Volatility 75 Index,1.5068275920899419,0.03,22.757160079704082,34.291116725705855,792.8631193825086,2025-07
2025-07-16 01:00:00,Crash 500 Index,1.3372737550354272,0.03,23.785893581475257,31.808251226572484,824.671370609081,2025-07
2025-07-16 01:10:00,Crash 500 Index,1.2974838857441917,0.03,24.74014111827243,32.09993443199576,856.7713050410767,2025-07
2025-07-16 01:20:00,Crash 500 Index,1.6640010935685292,0.03,25.7031391512323,42.770051655794624,899.5413566968714,2025-07
2025-07-16 03:25:00,Volatility 75 Index,0.9441869931031799,0.03,26.98624070090614,25.48005746254722,925.0214141594186,2025-07
2025-07-17 10:00:00,Volatility 75 Index,1.357093174970123,0.03,27.750642424782555,37.66020743570875,962.6816215951274,2025-07
2025-07-18 03:05:00,Volatility 75 Index,-1.638660582552599,0.03,28.880448647853818,-47.32525280567256,915.3563687894548,2025-07
2025-07-18 17:00:00,Volatility 75 Index,-0.18475373504102566,0.03,27.460691063683644,-5.0734652408232686,910.2829035486316,2025-07
2025-07-18 18:55:00,Volatility 75 Index,-1.0195406634395656,0.03,27.308487106458944,-27.842113062049975,882.4407904865816,2025-07
2025-07-19 06:30:00,Volatility 75 Index,1.1825820556441375,0.03,26.473223714597445,31.30675931993578,913.7475498065173,2025-07
2025-07-19 13:05:00,Volatility 75 Index,1.855050883496311,0.03,27.41242649419552,50.85144598683508,964.5989957933524,2025-07
2025-07-19 13:30:00,Volatility 75 Index,1.6106136855768782,0.03,28.937969873800572,46.60789031155461,1011.206886104907,2025-07
2025-07-20 06:40:00,Volatility 75 Index,0.9216201380175563,0.01,10.11206886104907,9.319486299363076,1020.5263724042701,2025-07
2025-07-20 18:05:00,Volatility 75 Index,0.8520616544517248,0.01,10.205263724042702,8.695513892823994,1029.221886297094,2025-07
2025-07-20 18:20:00,Volatility 75 Index,1.0536402250346195,0.01,10.29221886297094,10.844295798886256,1040.0661820959801,2025-07
2025-07-20 18:35:00,Volatility 75 Index,-0.8037756457148237,0.01,10.400661820959801,-8.359798671003478,1031.7063834249766,2025-07
2025-07-21 08:15:00,Volatility 75 Index,-0.7871772737973957,0.01,10.317063834249765,-8.121358182638437,1023.5850252423381,2025-07
2025-07-21 20:35:00,Volatility 75 Index,-0.9869094248645031,0.01,10.235850252423381,-10.101857085618338,1013.4831681567198,2025-07
2025-07-21 23:55:00,Volatility 75 Index,-1.5289315116283253,0.01,10.134831681567197,-15.495463522997177,997.9877046337226,2025-07
2025-07-22 15:10:00,Volatility 75 Index,0.705993986578413,0.03,29.939631139011677,21.137199544518044,1019.1249041782406,2025-07
2025-07-22 15:20:00,Volatility 75 Index,1.7938754311739795,0.01,10.191249041782406,18.281831269028817,1037.4067354472695,2025-07
2025-07-22 15:30:00,Volatility 75 Index,-1.6968104693652044,0.01,10.374067354472695,-17.602826096969057,1019.8039093503005,2025-07
2025-07-23 06:05:00,Volatility 75 Index,-1.0858608211887846,0.01,10.198039093503006,-11.073651104586503,1008.730258245714,2025-07
2025-07-24 11:45:00,Volatility 75 Index,-0.9143744450973905,0.01,10.08730258245714,-9.22357170136372,999.5066865443503,2025-07
2025-07-24 14:30:00,Volatility 75 Index,-0.6424894650090257,0.03,29.985200596330507,-19.265175489324708,980.2415110550255,2025-07
2025-07-24 22:00:00,Volatility 75 Index,-1.3949562396257598,0.03,29.407245331650763,-41.02182036559173,939.2196906894338,2025-07
2025-07-25 05:35:00,Volatility 75 Index,-1.2446743866125058,0.03,28.176590720683013,-35.07068077209775,904.1490099173361,2025-07
2025-07-25 09:05:00,Volatility 75 Index,0.8581187314438168,0.03,27.124470297520084,23.276016042793422,927.4250259601296,2025-07
2025-07-25 19:35:00,Volatility 75 Index,1.2152967248348965,0.03,27.822750778803886,33.81289789737793,961.2379238575076,2025-07
2025-07-26 06:20:00,Volatility 75 Index,-1.106208840918185,0.03,28.837137715725227,-31.899896687910477,929.3380271695971,2025-07
2025-07-26 11:25:00,Volatility 75 Index,-1.1159139523755301,0.03,27.880140815087913,-31.11183812975109,898.2261890398461,2025-07
2025-07-26 18:55:00,Volatility 75 Index,1.038099176152647,0.03,26.946785671195382,27.97343600522988,926.199625045076,2025-07
2025-07-26 19:05:00,Volatility 75 Index,1.3929171123799435,0.03,27.785988751352278,38.703579216155205,964.9032042612312,2025-07
2025-07-26 19:20:00,Volatility 75 Index,0.8539068994181059,0.03,28.947096127836932,24.718125101679096,989.6213293629103,2025-07
2025-07-27 17:30:00,Volatility 75 Index,-1.9704995030715526,0.03,29.688639880887308,-58.50145013215872,931.1198792307515,2025-07
2025-07-28 04:40:00,Volatility 75 Index,-1.33191610660112,0.03,27.933596376922544,-37.205206929717825,893.9146723010336,2025-07
2025-07-28 12:30:00,Crash 500 Index,-1.2486427795872777,0.03,26.81744016903101,-33.485403034074395,860.4292692669593,2025-07
2025-07-29 14:35:00,Volatility 75 Index,1.3468105209958503,0.03,25.81287807800878,34.76505577264537,895.1943250396047,2025-07
2025-07-29 14:40:00,Volatility 75 Index,1.487491725202283,0.03,26.85582975118814,39.94782452833364,935.1421495679383,2025-07
2025-07-29 15:35:00,Volatility 75 Index,-1.0682194341829714,0.03,28.054264487038147,-29.968110536763316,905.174039031175,2025-07
2025-07-29 19:05:00,Volatility 75 Index,-1.075844029774123,0.03,27.15522117093525,-29.214782573946557,875.9592564572284,2025-07
2025-07-30 22:25:00,Volatility 75 Index,-1.8295829065358278,0.03,26.27877769371685,-48.079202473079356,827.8800539841491,2025-07
2025-07-31 07:40:00,Volatility 75 Index,-1.0598972693771327,0.03,24.836401619524473,-26.324034257687785,801.5560197264613,2025-07
2025-07-31 23:35:00,Volatility 75 Index,1.640052356020928,0.03,24.046680591793837,39.4378151590542,840.9938348855155,2025-07
2025-08-01 00:20:00,Volatility 75 Index,0.5914942319184161,0.03,25.229815046565466,14.923290072411938,855.9171249579275,2025-08
2025-08-01 03:15:00,Volatility 75 Index,1.250288270836205,0.03,25.677513748737823,32.104294264282295,888.0214192222098,2025-08
2025-08-01 03:50:00,Volatility 75 Index,-0.3858068321036331,0.03,26.640642576666295,-10.278141917708792,877.743277304501,2025-08
2025-08-01 13:25:00,Volatility 75 Index,-1.420127349488899,0.03,26.33229831913503,-37.39521701790422,840.3480602865968,2025-08
2025-08-02 08:15:00,Volatility 75 Index,-0.9000035639189057,0.03,25.210441808597903,-22.689487475708294,817.6585728108885,2025-08
2025-08-03 08:30:00,Volatility 75 Index,0.89149284728886,0.03,24.52975718432665,21.868103075559738,839.5266758864482,2025-08
2025-08-03 14:15:00,Volatility 75 Index,-0.8020744797402043,0.03,25.185800276593444,-20.200887653689378,819.3257882327588,2025-08
2025-08-03 16:25:00,Volatility 75 Index,-1.1494079269512483,0.03,24.579773646982762,-28.252186672509378,791.0736015602494,2025-08
2025-08-04 11:20:00,Volatility 75 Index,1.8353222466679942,0.03,23.73220804680748,43.55624939085895,834.6298509511083,2025-08
2025-08-04 21:25:00,Volatility 75 Index,1.2139205954098313,0.03,25.03889552853325,30.395230968401645,865.02508191951,2025-08
2025-08-04 21:30:00,Volatility 75 Index,0.8403969589331288,0.03,25.9507524575853,21.808933447381104,886.8340153668911,2025-08
2025-08-04 22:30:00,Volatility 75 Index,0.8454266613661571,0.03,26.60502046100673,22.492593623927217,909.3266089908183,2025-08
2025-08-05 03:05:00,Volatility 75 Index,0.7606177469070181,0.03,27.279798269724548,20.749498695995857,930.0761076868141,2025-08
2025-08-05 05:35:00,Volatility 75 Index,0.6907500256975677,0.03,27.90228323060442,19.273502858560818,949.349610545375,2025-08
2025-08-05 06:05:00,Volatility 75 Index,-0.8223009976498612,0.03,28.48048831636125,-23.41953395609907,925.9300765892759,2025-08
2025-08-06 11:10:00,Volatility 75 Index,-0.9059756174594291,0.03,27.777902297678278,-25.166102185866773,900.7639744034092,2025-08
2025-08-06 18:10:00,Volatility 75 Index,0.675758458749112,0.03,27.022919232102275,18.26096625118717,919.0249406545963,2025-08
2025-08-06 18:25:00,Volatility 75 Index,-1.123412857919742,0.03,27.57074821963789,-30.97333305240904,888.0516076021872,2025-08
2025-08-07 11:25:00,Volatility 75 Index,0.6999574990775789,0.03,26.641548228065616,18.64795146927151,906.6995590714588,2025-08
2025-08-07 17:40:00,Volatility 75 Index,-0.5359598903577547,0.03,27.200986772143764,-14.578637888020909,892.1209211834379,2025-08
2025-08-08 01:00:00,Volatility 75 Index,-0.9253169968527818,0.03,26.763627635503134,-24.764839548569878,867.356081634868,2025-08
2025-08-08 13:05:00,Volatility 75 Index,-1.1210015101973538,0.03,26.02068244904604,-29.169224321746388,838.1868573131217,2025-08
2025-08-08 13:25:00,Crash 500 Index,-0.7385147495573989,0.03,25.14560571939365,-18.5704007103271,819.6164566027945,2025-08
2025-08-08 17:00:00,Volatility 75 Index,0.8220308764181785,0.03,24.588493698083834,20.212501024438712,839.8289576272332,2025-08
2025-08-10 13:10:00,Volatility 75 Index,-1.3601358255858014,0.03,25.194868728816996,-34.268443578995395,805.5605140482378,2025-08
2025-08-10 18:45:00,Volatility 75 Index,0.9549219928995516,0.03,24.166815421447133,23.077423544283914,828.6379375925217,2025-08
2025-08-10 19:15:00,Volatility 75 Index,-0.8082986818233059,0.03,24.859138127775648,-20.09360857994454,808.5443290125771,2025-08
2025-08-11 09:25:00,Volatility 75 Index,1.7213679015483605,0.03,24.256329870377314,41.754067648236216,850.2983966608133,2025-08
2025-08-11 09:40:00,Volatility 75 Index,-1.013544770384021,0.03,25.5089518998244,-25.854464796044557,824.4439318647687,2025-08
2025-08-11 21:40:00,Volatility 75 Index,0.29643490783319604,0.03,24.73331795594306,7.331818828679114,831.7757506934479,2025-08
2025-08-13 02:40:00,Volatility 75 Index,0.7176998596614187,0.03,24.953272520803434,17.90896018627376,849.6847108797217,2025-08
2025-08-14 02:05:00,Volatility 75 Index,-0.8486726501840851,0.03,25.49054132639165,-21.633125262095746,828.051585617626,2025-08
2025-08-15 21:30:00,Volatility 75 Index,0.7714755610822418,0.03,24.841547568528778,19.16464684858194,847.2162324662079,2025-08
2025-08-15 21:45:00,Volatility 75 Index,-1.1026102836764802,0.03,25.416486973986235,-28.024479912446527,819.1917525537614,2025-08
2025-08-16 11:35:00,Crash 500 Index,-1.2393865947165956,0.03,24.57575257661284,-30.458858298525787,788.7328942552356,2025-08
2025-08-16 13:30:00,Volatility 75 Index,-1.5661978775782386,0.03,23.661986827657067,-37.05935354876074,751.6735407064748,2025-08
2025-08-18 18:05:00,Volatility 75 Index,-0.426423491442931,0.03,22.550206221194244,-9.615937669599754,742.0576030368751,2025-08
2025-08-18 23:25:00,Volatility 75 Index,0.569556164986633,0.03,22.261728091106253,12.679304477545674,754.7369075144207,2025-08
2025-08-19 08:00:00,Volatility 75 Index,1.1082203985823202,0.03,22.64210722543262,25.092445094112573,779.8293526085333,2025-08
2025-08-19 08:35:00,Volatility 75 Index,-0.9275860242142561,0.03,23.394880578256,-21.7007642625518,758.1285883459815,2025-08
2025-08-19 11:45:00,Volatility 75 Index,-1.4671853852350734,0.03,22.743857650379443,-33.36945554850363,724.7591327974778,2025-08
2025-08-21 09:05:00,Volatility 75 Index,1.0351014442362507,0.03,21.742773983924334,22.505976752462455,747.2651095499402,2025-08
2025-08-22 13:30:00,Volatility 75 Index,1.223393756746426,0.03,22.417953286498207,27.42598408973493,774.6910936396752,2025-08
2025-08-22 13:40:00,Volatility 75 Index,0.9017246915279112,0.03,23.240732809190256,20.95674262324969,795.6478362629249,2025-08
2025-08-22 13:55:00,Volatility 75 Index,1.5379252130349457,0.03,23.869435087887744,36.709406042563565,832.3572423054885,2025-08
2025-08-23 02:10:00,Volatility 75 Index,-1.147524270430629,0.03,24.970717269164656,-28.65450411642768,803.7027381890608,2025-08
2025-08-23 13:30:00,Volatility 75 Index,1.347225397188267,0.03,24.111082145671823,32.48306222034166,836.1858004094025,2025-08
2025-08-23 13:40:00,Volatility 75 Index,-0.4628610892339252,0.03,25.085574012282073,-11.611136111383129,824.5746642980195,2025-08
2025-08-23 14:25:00,Volatility 75 Index,0.6266721412594977,0.03,24.737239928940582,15.502139115119139,840.0768034131386,2025-08
2025-08-23 19:40:00,Volatility 75 Index,0.3668389662027818,0.03,25.202304102394155,9.245187182850398,849.321990595989,2025-08
2025-08-24 04:15:00,Volatility 75 Index,-1.0336265175606518,0.03,25.479659717879667,-26.33645194282238,822.9855386531666,2025-08
2025-08-24 21:25:00,Volatility 75 Index,0.48033704560027807,0.03,24.689566159594996,11.859313266252464,834.844851919419,2025-08
2025-08-25 23:40:00,Volatility 75 Index,-1.6556171017916788,0.03,25.04534555758257,-41.465502425415956,793.3793494940031,2025-08
2025-08-26 15:55:00,Volatility 75 Index,-0.7993346352361408,0.03,23.801380484820093,-19.02526778795027,774.3540817060529,2025-08
2025-08-26 17:55:00,Volatility 75 Index,0.5159216522326779,0.03,23.230622451181585,11.985181117407146,786.33926282346,2025-08
2025-08-27 23:10:00,Volatility 75 Index,0.827119217115248,0.03,23.5901778847038,19.511889463605645,805.8511522870656,2025-08
2025-08-28 23:40:00,Volatility 75 Index,1.3458197394515632,0.03,24.175534568611965,32.53591163423162,838.3870639212972,2025-08
2025-08-29 00:10:00,Volatility 75 Index,-0.7022121756354708,0.03,25.151611917638917,-17.66176812542426,820.725295795873,2025-08
2025-08-30 00:35:00,Volatility 75 Index,-0.9693222136487494,0.03,24.62175887387619,-23.866417815551404,796.8588779803216,2025-08
2025-08-30 07:05:00,Volatility 75 Index,0.8928294522994469,0.03,23.90576633940965,21.34377226761367,818.2026502479353,2025-08
2025-08-30 13:50:00,Volatility 75 Index,0.7152348779736173,0.03,24.54607950743806,17.556212181233168,835.7588624291684,2025-08
2025-08-31 21:25:00,Volatility 75 Index,1.4710005707091212,0.03,25.072765872875053,36.88205290825538,872.6409153374237,2025-08
2025-08-31 21:30:00,Volatility 75 Index,-1.2796643376347854,0.03,26.17922746012271,-33.50062376754831,839.1402915698754,2025-08
2025-09-01 09:40:00,Volatility 75 Index,-1.1854615361823453,0.03,25.174208747096262,-29.84305617350777,809.2972353963677,2025-09
2025-09-01 16:10:00,Volatility 75 Index,-0.9904103180967756,0.03,24.27891706189103,-24.046089970312728,785.2511454260549,2025-09
2025-09-03 05:00:00,Volatility 75 Index,0.2765590397410343,0.03,23.557534362781645,6.51504908203731,791.7661945080922,2025-09
2025-09-04 20:30:00,Volatility 75 Index,0.9975178950625002,0.03,23.752985835242765,23.694028431820747,815.4602229399129,2025-09
2025-09-04 20:40:00,Volatility 75 Index,1.0281497809571678,0.03,24.463806688197387,25.15245748784864,840.6126804277616,2025-09
2025-09-04 20:55:00,Volatility 75 Index,0.8019705445650067,0.03,25.218380412832847,20.224398272727058,860.8370787004886,2025-09
2025-09-05 08:55:00,Volatility 75 Index,1.1675833566389782,0.03,25.825112361014657,30.15297137605226,890.9900500765409,2025-09
2025-09-06 06:10:00,Volatility 75 Index,-1.1497769799825959,0.03,26.729701502296226,-30.733195469146413,860.2568546073945,2025-09
2025-09-06 07:00:00,Volatility 75 Index,-1.4615958992573743,0.03,25.807705638221837,-37.72043673006645,822.5364178773281,2025-09
2025-09-06 19:40:00,Volatility 75 Index,-1.5128007070323384,0.03,24.676092536319842,-37.33001023574007,785.206407641588,2025-09
2025-09-07 16:10:00,Volatility 75 Index,-0.590893549069333,0.03,23.55619222924764,-13.91920202889958,771.2872056126885,2025-09
2025-09-07 21:25:00,Volatility 75 Index,1.1457991181184197,0.03,23.138616168380654,26.51220600021116,797.7994116128996,2025-09
2025-09-07 21:50:00,Volatility 75 Index,0.8368756641869932,0.03,23.933982348386987,20.02976737444613,817.8291789873457,2025-09
2025-09-08 06:00:00,Volatility 75 Index,0.9224094174522467,0.03,24.53487536962037,22.631200096955002,840.4603790843007,2025-09
2025-09-08 06:10:00,Volatility 75 Index,0.8103559709654997,0.03,25.21381137252902,20.432162596526712,860.8925416808274,2025-09
2025-09-11 08:15:00,Volatility 75 Index,1.223452337685331,0.03,25.82677625042482,31.597829778458234,892.4903714592857,2025-09
2025-09-11 08:20:00,Volatility 75 Index,1.0175333046841413,0.03,26.77471114377857,27.244160312092312,919.734531771378,2025-09
2025-09-11 08:35:00,Volatility 75 Index,-0.9710988490947228,0.03,27.592035953141338,-26.794594358275766,892.9399374131023,2025-09
2025-09-12 06:30:00,Volatility 75 Index,-0.5260403428506999,0.03,26.788198122393066,-14.091672924656123,878.8482644884461,2025-09
2025-09-12 18:00:00,Volatility 75 Index,-0.9253504834965757,0.03,26.365447934653382,-24.3972799939353,854.4509844945109,2025-09
2025-09-13 05:35:00,Volatility 75 Index,1.0721335437029205,0.03,25.633529534835326,27.48256685779647,881.9335513523073,2025-09
2025-09-13 15:40:00,Volatility 75 Index,0.6274306871519757,0.03,26.45800654056922,16.600565224420812,898.5341165767281,2025-09
2025-09-13 18:45:00,Volatility 75 Index,-1.3399851232909799,0.03,26.956023497301842,-36.12067046946656,862.4134461072616,2025-09
2025-09-13 18:55:00,Crash 500 Index,0.8796503253365455,0.03,25.872403383217847,22.75866805328592,885.1721141605475,2025-09
2025-09-13 19:15:00,Crash 500 Index,-0.7998927667845247,0.03,26.555163424816424,-21.241283144291625,863.9308310162559,2025-09
2025-09-15 10:45:00,Volatility 75 Index,-1.5541036851062253,0.03,25.917924930487676,-40.27914264477741,823.6516883714785,2025-09
2025-09-16 19:40:00,Volatility 75 Index,-1.4333463539354794,0.03,24.709550651144355,-35.41734433320181,788.2343440382767,2025-09
2025-09-17 07:30:00,Volatility 75 Index,-1.969848813688549,0.03,23.6470303211483,-46.58107462537113,741.6532694129056,2025-09
2025-09-17 15:10:00,Crash 500 Index,1.0781007538824265,0.03,22.249598082387166,23.987308466202595,765.6405778791083,2025-09
2025-09-17 20:00:00,Volatility 75 Index,1.1296040565214542,0.03,22.969217336373248,25.946121078290133,791.5866989573984,2025-09
2025-09-17 20:15:00,Volatility 75 Index,-0.7030194853487917,0.03,23.74760096872195,-16.69502621129937,774.8916727460991,2025-09
2025-09-18 23:35:00,Crash 500 Index,0.13869599837057073,0.03,23.24675018238297,3.2242312254168533,778.1159039715159,2025-09
2025-09-20 06:20:00,Volatility 75 Index,-0.7533245299494018,0.03,23.343477119145476,-17.585213928164883,760.530690043351,2025-09
2025-09-20 09:40:00,Volatility 75 Index,0.8894538695750726,0.03,22.81592070130053,20.29370895568976,780.8243989990408,2025-09
2025-09-22 07:30:00,Volatility 75 Index,0.7957148348645965,0.03,23.424731969971223,18.639406731233084,799.4638057302739,2025-09
2025-09-22 21:10:00,Volatility 75 Index,1.3906442377582882,0.03,23.983914171908214,33.353092042053504,832.8168977723274,2025-09
2025-09-22 21:45:00,Volatility 75 Index,-1.2731566678935025,0.03,24.98450693316982,-31.809191595996595,801.0077061763308,2025-09
2025-09-23 01:25:00,Volatility 75 Index,1.0925156723604998,0.03,24.03023118528992,26.25340418037527,827.261110356706,2025-09
2025-09-23 01:50:00,Volatility 75 Index,-0.6830649540633463,0.03,24.81783331070118,-16.952192170325887,810.3089181863801,2025-09
2025-09-23 15:40:00,Volatility 75 Index,1.5211462512970553,0.03,24.309267545591403,36.97795119875353,847.2868693851336,2025-09
2025-09-23 15:55:00,Volatility 75 Index,-1.2954759637686841,0.03,25.418606081554007,-32.92919321115771,814.357676173976,2025-09
2025-09-24 02:15:00,Volatility 75 Index,0.5017116986314546,0.03,24.430730285219276,12.257183190204284,826.6148593641802,2025-09
2025-09-24 07:05:00,Volatility 75 Index,-1.0050214982895418,0.03,24.798445780925405,-24.922971133997617,801.6918882301826,2025-09
2025-09-25 09:40:00,Volatility 75 Index,-1.0273721069263027,0.03,24.050756646905477,-24.709076529503058,776.9828117006796,2025-09
2025-09-25 14:10:00,Volatility 75 Index,0.5198179993131787,0.03,23.309484351020387,12.116689520369267,789.0995012210489,2025-09
2025-09-25 14:45:00,Volatility 75 Index,-0.5023088815655851,0.03,23.672985036631466,-11.891150637069183,777.2083505839797,2025-09
2025-09-25 17:10:00,Volatility 75 Index,-1.4742754253521992,0.03,23.31625051751939,-34.37457514933433,742.8337754346454,2025-09
2025-09-26 06:50:00,Crash 500 Index,1.4024649987219622,0.03,22.28501326303936,31.253951097467407,774.0877265321128,2025-09
2025-09-26 22:20:00,Volatility 75 Index,-0.46384249010529977,0.03,23.222631795963384,-10.771643359038165,763.3160831730746,2025-09
2025-09-27 01:25:00,Volatility 75 Index,-1.1384665786213388,0.03,22.899482495192238,-26.070295488500747,737.2457876845739,2025-09
2025-09-28 03:45:00,Volatility 75 Index,-0.6052849328240479,0.03,22.117373630537216,-13.387313012204087,723.8584746723698,2025-09
2025-09-28 12:10:00,Volatility 75 Index,0.9178649123419009,0.03,21.71575424017109,19.932128862092902,743.7906035344627,2025-09
2025-09-28 12:25:00,Volatility 75 Index,-0.9762224648025306,0.03,22.31371810603388,-21.78315288838125,722.0074506460815,2025-09
2025-09-28 16:35:00,Volatility 75 Index,-0.394707582832983,0.03,21.66022351938244,-8.549454468957572,713.4579961771238,2025-09
2025-09-28 19:30:00,Volatility 75 Index,-2.006178304812512,0.03,21.403739885313716,-42.93971859976662,670.5182775773573,2025-09
2025-09-29 07:20:00,Volatility 75 Index,0.8827155752250686,0.03,20.115548327320717,17.756307812718575,688.2745853900758,2025-09
2025-09-29 15:55:00,Volatility 75 Index,-1.0669238406107961,0.03,20.648237561702274,-22.030096921175492,666.2444884689003,2025-09
2025-09-30 00:45:00,Volatility 75 Index,-1.1959299859394608,0.03,19.98733465406701,-23.903452851805657,642.3410356170946,2025-09
2025-09-30 08:40:00,Volatility 75 Index,0.7628434660908233,0.03,19.270231068512835,14.700169860675402,657.04120547777,2025-09
2025-09-30 12:40:00,Volatility 75 Index,-1.9298029720489145,0.03,19.711236164333098,-38.038802132688055,619.0024033450819,2025-09
2025-09-30 15:35:00,Volatility 75 Index,-0.43425456811118435,0.03,18.57007210035246,-8.06413863973211,610.9382647053498,2025-09
2025-09-30 23:20:00,Volatility 75 Index,0.8488570357216144,0.03,18.32814794116049,15.557977331600705,626.4962420369504,2025-09
2025-10-01 02:30:00,Volatility 75 Index,0.9380200610355973,0.03,18.794887261108514,17.62998129582218,644.1262233327726,2025-10
2025-10-01 02:50:00,Volatility 75 Index,-1.0481846272692057,0.03,19.323786699983177,-20.2548961595515,623.8713271732211,2025-10
2025-10-01 06:15:00,Volatility 75 Index,-1.2463159204066159,0.03,18.71613981519663,-23.326223020235698,600.5451041529853,2025-10
2025-10-01 18:10:00,Volatility 75 Index,-1.3363984545982268,0.03,18.01635312458956,-24.077026473197424,576.4680776797879,2025-10
2025-10-02 12:10:00,Volatility 75 Index,-0.8175989052611163,0.03,17.294042330393637,-14.139590076869244,562.3284876029187,2025-10
2025-10-02 20:25:00,Volatility 75 Index,0.9620752583014658,0.03,16.86985462808756,16.230069748825517,578.5585573517442,2025-10
2025-10-02 20:30:00,Volatility 75 Index,-0.732076793002138,0.03,17.356756720552326,-12.706478796900253,565.852078554844,2025-10
2025-10-02 21:10:00,Volatility 75 Index,0.8774812022001887,0.03,16.97556235664532,14.895736864733403,580.7478154195774,2025-10
2025-10-03 01:55:00,Volatility 75 Index,-1.4962243333476668,0.03,17.42243446258732,-26.067870389078127,554.6799450304992,2025-10
2025-10-03 13:40:00,Volatility 75 Index,0.9183976041157262,0.03,16.640398350914975,15.282501977011595,569.9624470075108,2025-10
2025-10-03 13:50:00,Volatility 75 Index,1.0352925816477239,0.03,17.098873410225323,17.702336796139797,587.6647838036506,2025-10
2025-10-03 22:45:00,Volatility 75 Index,-0.5320062629210689,0.03,17.629943514109517,-9.379240364450942,578.2855434391996,2025-10
2025-10-05 06:55:00,Volatility 75 Index,-0.8767256103234896,0.03,17.34856630317599,-15.209932380389494,563.0756110588101,2025-10
2025-10-06 11:10:00,Volatility 75 Index,-1.019598403305625,0.03,16.892268331764303,-17.223329819277055,545.852281239533,2025-10
2025-10-06 17:40:00,Volatility 75 Index,0.5996095485727837,0.03,16.37556843718599,9.818947198243816,555.6712284377768,2025-10
2025-10-07 17:05:00,Volatility 75 Index,-1.369292457214162,0.03,16.670136853133304,-22.82629265372326,532.8449357840535,2025-10
2025-10-09 11:10:00,Volatility 75 Index,-1.4404563722275652,0.03,15.985348073521605,-23.02619649477983,509.8187392892737,2025-10
2025-10-10 05:35:00,Volatility 75 Index,-0.5892776785167085,0.03,15.29456217867821,-9.012744094580949,500.80599519469274,2025-10
2025-10-10 06:15:00,Volatility 75 Index,0.9416571004119489,0.03,15.024179855840782,14.147625639118644,514.9536208338113,2025-10
2025-10-10 09:00:00,Volatility 75 Index,1.4005585895613202,0.03,15.448608625014339,21.636681506534927,536.5903023403463,2025-10
2025-10-10 09:20:00,Volatility 75 Index,-0.7606212538877714,0.03,16.09770907021039,-12.244259657703976,524.3460426826423,2025-10
2025-10-10 12:05:00,Crash 500 Index,1.339803848372716,0.03,15.730381280479268,21.075625375956253,545.4216680585986,2025-10
2025-10-10 13:35:00,Volatility 75 Index,-0.6263926581533311,0.03,16.362650041757956,-10.24944385408948,535.1722242045091,2025-10
2025-10-11 04:45:00,Volatility 75 Index,1.1157357177597274,0.03,16.055166726135273,17.91332297093663,553.0855471754458,2025-10
2025-10-11 13:20:00,Volatility 75 Index,0.9016118809886111,0.03,16.592566415263374,14.960055016094067,568.0456021915398,2025-10
2025-10-11 13:30:00,Volatility 75 Index,1.1235026228421536,0.03,17.041368065746195,19.146021718684366,587.1916239102242,2025-10
2025-10-11 13:55:00,Volatility 75 Index,-2.1803227904640554,0.03,17.615748717306726,-38.4080183994318,548.7836055107923,2025-10
2025-10-12 19:45:00,Volatility 75 Index,0.9743397547945954,0.03,16.46350816532377,16.041050508860383,564.8246560196527,2025-10
2025-10-15 15:55:00,Volatility 75 Index,1.7536869357320481,0.03,16.94473968058958,29.715768607230387,594.5404246268831,2025-10
2025-10-15 16:00:00,Volatility 75 Index,0.5154481434303785,0.03,17.83621273880649,9.193642742047071,603.7340673689301,2025-10
2025-10-15 16:10:00,Volatility 75 Index,-1.7947381548919892,0.03,18.112022021067904,-32.50633698345449,571.2277303854756,2025-10
2025-10-16 10:00:00,Volatility 75 Index,1.895320508999881,0.03,17.13683191156427,32.47978898127139,603.7075193667471,2025-10
2025-10-16 10:30:00,Volatility 75 Index,-1.4797983197047733,0.03,18.11122558100241,-26.800961182561476,576.9065581841857,2025-10
2025-10-17 05:35:00,Volatility 75 Index,1.101391958435136,0.03,17.30719674552557,19.06200731857662,595.9685655027623,2025-10
2025-10-20 10:05:00,Volatility 75 Index,1.3624210499584761,0.03,17.879056965082867,24.358803562635604,620.3273690653979,2025-10
2025-10-23 06:10:00,Volatility 75 Index,-0.8743888263380887,0.03,18.609821071961935,-16.27221960547463,604.0551494599232,2025-10
2025-10-23 21:50:00,Volatility 75 Index,-0.8722032052087972,0.03,18.121654483797695,-15.805765124454721,588.2493843354684,2025-10
2025-10-24 09:45:00,Volatility 75 Index,-1.075368382065128,0.03,17.647481530064052,-18.977543660509212,569.2718406749592,2025-10
2025-10-24 21:15:00,Volatility 75 Index,-1.254858938680902,0.03,17.078155220248775,-21.430675734309084,547.8411649406502,2025-10
2025-10-26 09:00:00,Volatility 75 Index,-0.5732007594817928,0.03,16.435234948219506,-9.420689154581124,538.420475786069,2025-10
2025-10-26 18:55:00,Volatility 75 Index,0.8608825896713165,0.03,16.15261427358207,13.905504405803203,552.3259801918722,2025-10
2025-10-28 23:35:00,Volatility 75 Index,-0.9001465260735776,0.03,16.569779405756165,-14.91522936989692,537.4107508219753,2025-10
2025-10-29 03:25:00,Volatility 75 Index,1.2519640775401677,0.03,16.122322524659257,20.184568647390094,557.5953194693653,2025-10
2025-10-29 03:30:00,Volatility 75 Index,1.1580412110308427,0.03,16.72785958408096,19.371550770703003,576.9668702400684,2025-10
2025-10-29 03:50:00,Volatility 75 Index,-2.6882411360132688,0.03,17.309006107202052,-46.53078224088545,530.436087999183,2025-10
