datetime,open,open,open,high,high,high,low,low,low,close,close,close,volume,volume,volume
2023-10-17 13:30:00+00:00,,42.4900016784668,,,42.4900016784668,,,42.4900016784668,,,42.4900016784668,,,0,
2023-10-18 13:30:00+00:00,,41.810001373291016,,,41.810001373291016,,,41.810001373291016,,,41.810001373291016,,,0,
2023-10-19 13:30:00+00:00,,41.29999923706055,,,41.29999923706055,,,41.29999923706055,,,41.29999923706055,,,0,
2023-10-20 13:30:00+00:00,,40.779998779296875,,,40.779998779296875,,,40.779998779296875,,,40.779998779296875,,,0,
2023-10-23 13:30:00+00:00,,40.529998779296875,,,40.529998779296875,,,40.529998779296875,,,40.529998779296875,,,0,
2023-10-24 13:30:00+00:00,,40.790000915527344,,,40.790000915527344,,,40.790000915527344,,,40.790000915527344,,,0,
2023-10-25 13:30:00+00:00,,40.34000015258789,,,40.34000015258789,,,40.34000015258789,,,40.34000015258789,,,0,
2023-10-26 13:30:00+00:00,,40.27000045776367,,,40.27000045776367,,,40.27000045776367,,,40.27000045776367,,,0,
2023-10-27 13:30:00+00:00,,39.790000915527344,,,39.790000915527344,,,39.790000915527344,,,39.790000915527344,,,0,
2023-10-30 13:30:00+00:00,,40.09000015258789,,,40.09000015258789,,,40.09000015258789,,,40.09000015258789,,,0,
2023-10-31 13:30:00+00:00,,40.439998626708984,,,40.439998626708984,,,40.439998626708984,,,40.439998626708984,,,0,
2023-11-01 13:30:00+00:00,,40.58000183105469,,,40.58000183105469,,,40.58000183105469,,,40.58000183105469,,,0,
2023-11-02 13:30:00+00:00,,41.459999084472656,,,41.459999084472656,,,41.459999084472656,,,41.459999084472656,,,0,
2023-11-03 13:30:00+00:00,,42.130001068115234,,,42.130001068115234,,,42.130001068115234,,,42.130001068115234,,,0,
2023-11-06 14:30:00+00:00,,41.91999816894531,,,41.91999816894531,,,41.91999816894531,,,41.91999816894531,,,0,
2023-11-07 14:30:00+00:00,,41.84000015258789,,,41.84000015258789,,,41.84000015258789,,,41.84000015258789,,,0,
2023-11-08 14:30:00+00:00,,41.77000045776367,,,41.77000045776367,,,41.77000045776367,,,41.77000045776367,,,0,
2023-11-09 14:30:00+00:00,,41.40999984741211,,,41.40999984741211,,,41.40999984741211,,,41.40999984741211,,,0,
2023-11-10 14:30:00+00:00,,41.90999984741211,,,41.90999984741211,,,41.90999984741211,,,41.90999984741211,,,0,
2023-11-13 14:30:00+00:00,,41.84000015258789,,,41.84000015258789,,,41.84000015258789,,,41.84000015258789,,,0,
2023-11-14 14:30:00+00:00,,43.029998779296875,,,43.029998779296875,,,43.029998779296875,,,43.029998779296875,,,0,
2023-11-15 14:30:00+00:00,,43.22999954223633,,,43.22999954223633,,,43.22999954223633,,,43.22999954223633,,,0,
2023-11-16 14:30:00+00:00,,43.20000076293945,,,43.20000076293945,,,43.20000076293945,,,43.20000076293945,,,0,
2023-11-17 14:30:00+00:00,,43.31999969482422,,,43.31999969482422,,,43.31999969482422,,,43.31999969482422,,,0,
2023-11-20 14:30:00+00:00,,43.63999938964844,,,43.63999938964844,,,43.63999938964844,,,43.63999938964844,,,0,
2023-11-21 14:30:00+00:00,,43.54999923706055,,,43.54999923706055,,,43.54999923706055,,,43.54999923706055,,,0,
2023-11-22 14:30:00+00:00,,43.72999954223633,,,43.72999954223633,,,43.72999954223633,,,43.72999954223633,,,0,
2023-11-24 14:30:00+00:00,,43.7599983215332,,,43.7599983215332,,,43.7599983215332,,,43.7599983215332,,,0,
2023-11-27 14:30:00+00:00,,43.66999816894531,,,43.66999816894531,,,43.66999816894531,,,43.66999816894531,,,0,
2023-11-28 14:30:00+00:00,,43.720001220703125,,,43.720001220703125,,,43.720001220703125,,,43.720001220703125,,,0,
2023-11-29 14:30:00+00:00,,43.68000030517578,,,43.68000030517578,,,43.68000030517578,,,43.68000030517578,,,0,
2023-11-30 14:30:00+00:00,,43.86000061035156,,,43.86000061035156,,,43.86000061035156,,,43.86000061035156,,,0,
2023-12-01 14:30:00+00:00,,44.119998931884766,,,44.119998931884766,,,44.119998931884766,,,44.119998931884766,,,0,
2023-12-04 14:30:00+00:00,,43.880001068115234,,,43.880001068115234,,,43.880001068115234,,,43.880001068115234,,,0,
2023-12-05 14:30:00+00:00,,43.86000061035156,,,43.86000061035156,,,43.86000061035156,,,43.86000061035156,,,0,
2023-12-06 14:30:00+00:00,,43.689998626708984,,,43.689998626708984,,,43.689998626708984,,,43.689998626708984,,,0,
2023-12-07 14:30:00+00:00,,43.689998626708984,,,43.689998626708984,,,43.689998626708984,,,43.689998626708984,,,0,
2023-12-08 14:30:00+00:00,,44.220001220703125,,,44.220001220703125,,,44.220001220703125,,,44.220001220703125,,,0,
2023-12-11 14:30:00+00:00,,44.400001525878906,,,44.400001525878906,,,44.400001525878906,,,44.400001525878906,,,0,
2023-12-12 14:30:00+00:00,,44.599998474121094,,,44.599998474121094,,,44.599998474121094,,,44.599998474121094,,,0,
2023-12-13 14:30:00+00:00,,44.5,,,44.5,,,44.5,,,44.5,,,0,
2023-12-14 14:30:00+00:00,,44.630001068115234,,,44.630001068115234,,,44.630001068115234,,,44.630001068115234,,,0,
2023-12-15 14:30:00+00:00,,44.630001068115234,,,44.630001068115234,,,44.630001068115234,,,44.630001068115234,,,0,
2023-12-18 14:30:00+00:00,,44.83000183105469,,,44.83000183105469,,,44.83000183105469,,,44.83000183105469,,,0,
2023-12-19 14:30:00+00:00,,45.099998474121094,,,45.099998474121094,,,45.099998474121094,,,45.099998474121094,,,0,
2023-12-20 14:30:00+00:00,,44.439998626708984,,,44.439998626708984,,,44.439998626708984,,,44.439998626708984,,,0,
2023-12-21 14:30:00+00:00,,44.900001525878906,,,44.900001525878906,,,44.900001525878906,,,44.900001525878906,,,0,
2023-12-22 14:30:00+00:00,,44.970001220703125,,,44.970001220703125,,,44.970001220703125,,,44.970001220703125,,,0,
2023-12-26 14:30:00+00:00,,45.15999984741211,,,45.15999984741211,,,45.15999984741211,,,45.15999984741211,,,0,
2023-12-27 14:30:00+00:00,,45.22999954223633,,,45.22999954223633,,,45.22999954223633,,,45.22999954223633,,,0,
2023-12-28 14:30:00+00:00,,45.25,,,45.25,,,45.25,,,45.25,,,0,
2023-12-29 14:30:00+00:00,,45.119998931884766,,,45.119998931884766,,,45.119998931884766,,,45.119998931884766,,,0,
2024-01-02 14:30:00+00:00,,44.869998931884766,,,44.869998931884766,,,44.869998931884766,,,44.869998931884766,,,0,
2024-01-03 14:30:00+00:00,,44.5099983215332,,,44.5099983215332,,,44.5099983215332,,,44.5099983215332,,,0,
2024-01-04 14:30:00+00:00,,44.36000061035156,,,44.36000061035156,,,44.36000061035156,,,44.36000061035156,,,0,
2024-01-05 14:30:00+00:00,,44.439998626708984,,,44.439998626708984,,,44.439998626708984,,,44.439998626708984,,,0,
2024-01-08 14:30:00+00:00,,45.06999969482422,,,45.06999969482422,,,45.06999969482422,,,45.06999969482422,,,0,
2024-01-09 14:30:00+00:00,,45.0099983215332,,,45.0099983215332,,,45.0099983215332,,,45.0099983215332,,,0,
2024-01-10 14:30:00+00:00,,45.2599983215332,,,45.2599983215332,,,45.2599983215332,,,45.2599983215332,,,0,
2024-01-11 14:30:00+00:00,,45.2400016784668,,,45.2400016784668,,,45.2400016784668,,,45.2400016784668,,,0,
2024-01-12 14:30:00+00:00,,45.27000045776367,,,45.27000045776367,,,45.27000045776367,,,45.27000045776367,,,0,
2024-01-16 14:30:00+00:00,,45.099998474121094,,,45.099998474121094,,,45.099998474121094,,,45.099998474121094,,,0,
2024-01-17 14:30:00+00:00,,44.849998474121094,,,44.849998474121094,,,44.849998474121094,,,44.849998474121094,,,0,
2024-01-18 14:30:00+00:00,,45.25,,,45.25,,,45.25,,,45.25,,,0,
2024-01-19 14:30:00+00:00,,45.810001373291016,,,45.810001373291016,,,45.810001373291016,,,45.810001373291016,,,0,
2024-01-22 14:30:00+00:00,,45.90999984741211,,,45.90999984741211,,,45.90999984741211,,,45.90999984741211,,,0,
2024-01-23 14:30:00+00:00,,46.040000915527344,,,46.040000915527344,,,46.040000915527344,,,46.040000915527344,,,0,
2024-01-24 14:30:00+00:00,,46.08000183105469,,,46.08000183105469,,,46.08000183105469,,,46.08000183105469,,,0,
2024-01-25 14:30:00+00:00,,46.31999969482422,,,46.31999969482422,,,46.31999969482422,,,46.31999969482422,,,0,
2024-01-26 14:30:00+00:00,,46.290000915527344,,,46.290000915527344,,,46.290000915527344,,,46.290000915527344,,,0,
2024-01-29 14:30:00+00:00,,46.63999938964844,,,46.63999938964844,,,46.63999938964844,,,46.63999938964844,,,0,
2024-01-30 14:30:00+00:00,,46.619998931884766,,,46.619998931884766,,,46.619998931884766,,,46.619998931884766,,,0,
2024-01-31 14:30:00+00:00,,45.869998931884766,,,45.869998931884766,,,45.869998931884766,,,45.869998931884766,,,0,
2024-02-01 14:30:00+00:00,,46.439998626708984,,,46.439998626708984,,,46.439998626708984,,,46.439998626708984,,,0,
2024-02-02 14:30:00+00:00,,46.939998626708984,,,46.939998626708984,,,46.939998626708984,,,46.939998626708984,,,0,
2024-02-05 14:30:00+00:00,,46.790000915527344,,,46.790000915527344,,,46.790000915527344,,,46.790000915527344,,,0,
2024-02-06 14:30:00+00:00,,46.900001525878906,,,46.900001525878906,,,46.900001525878906,,,46.900001525878906,,,0,
2024-02-07 14:30:00+00:00,,47.290000915527344,,,47.290000915527344,,,47.290000915527344,,,47.290000915527344,,,0,
2024-02-08 14:30:00+00:00,,47.31999969482422,,,47.31999969482422,,,47.31999969482422,,,47.31999969482422,,,0,
2024-02-09 14:30:00+00:00,,47.59000015258789,,,47.59000015258789,,,47.59000015258789,,,47.59000015258789,,,0,
2024-02-12 14:30:00+00:00,,47.54999923706055,,,47.54999923706055,,,47.54999923706055,,,47.54999923706055,,,0,
2024-02-13 14:30:00+00:00,,46.90999984741211,,,46.90999984741211,,,46.90999984741211,,,46.90999984741211,,,0,
2024-02-14 14:30:00+00:00,,47.36000061035156,,,47.36000061035156,,,47.36000061035156,,,47.36000061035156,,,0,
2024-02-15 14:30:00+00:00,,47.650001525878906,,,47.650001525878906,,,47.650001525878906,,,47.650001525878906,,,0,
2024-02-16 14:30:00+00:00,,47.43000030517578,,,47.43000030517578,,,47.43000030517578,,,47.43000030517578,,,0,
2024-02-20 14:30:00+00:00,,47.13999938964844,,,47.13999938964844,,,47.13999938964844,,,47.13999938964844,,,0,
2024-02-21 14:30:00+00:00,,47.20000076293945,,,47.20000076293945,,,47.20000076293945,,,47.20000076293945,,,0,
2024-02-22 14:30:00+00:00,,48.20000076293945,,,48.20000076293945,,,48.20000076293945,,,48.20000076293945,,,0,
2024-02-23 14:30:00+00:00,,48.220001220703125,,,48.220001220703125,,,48.220001220703125,,,48.220001220703125,,,0,
2024-02-26 14:30:00+00:00,,48.040000915527344,,,48.040000915527344,,,48.040000915527344,,,48.040000915527344,,,0,
2024-02-27 14:30:00+00:00,,48.119998931884766,,,48.119998931884766,,,48.119998931884766,,,48.119998931884766,,,0,
2024-02-28 14:30:00+00:00,,48.04999923706055,,,48.04999923706055,,,48.04999923706055,,,48.04999923706055,,,0,
2024-02-29 14:30:00+00:00,,48.310001373291016,,,48.310001373291016,,,48.310001373291016,,,48.310001373291016,,,0,
2024-03-01 14:30:00+00:00,,48.689998626708984,,,48.689998626708984,,,48.689998626708984,,,48.689998626708984,,,0,
2024-03-04 14:30:00+00:00,,48.63999938964844,,,48.63999938964844,,,48.63999938964844,,,48.63999938964844,,,0,
2024-03-05 14:30:00+00:00,,48.13999938964844,,,48.13999938964844,,,48.13999938964844,,,48.13999938964844,,,0,
2024-03-06 14:30:00+00:00,,48.38999938964844,,,48.38999938964844,,,48.38999938964844,,,48.38999938964844,,,0,
2024-03-07 14:30:00+00:00,,48.900001525878906,,,48.900001525878906,,,48.900001525878906,,,48.900001525878906,,,0,
2024-03-08 14:30:00+00:00,,48.58000183105469,,,48.58000183105469,,,48.58000183105469,,,48.58000183105469,,,0,
2024-03-11 13:30:00+00:00,,48.529998779296875,,,48.529998779296875,,,48.529998779296875,,,48.529998779296875,,,0,
2024-03-12 13:30:00+00:00,,49.06999969482422,,,49.06999969482422,,,49.06999969482422,,,49.06999969482422,,,0,
2024-03-13 13:30:00+00:00,,48.97999954223633,,,48.97999954223633,,,48.97999954223633,,,48.97999954223633,,,0,
2024-03-14 13:30:00+00:00,,48.849998474121094,,,48.849998474121094,,,48.849998474121094,,,48.849998474121094,,,0,
2024-03-15 13:30:00+00:00,,48.540000915527344,,,48.540000915527344,,,48.540000915527344,,,48.540000915527344,,,0,
2024-03-18 13:30:00+00:00,,48.849998474121094,,,48.849998474121094,,,48.849998474121094,,,48.849998474121094,,,0,
2024-03-19 13:30:00+00:00,,49.11000061035156,,,49.11000061035156,,,49.11000061035156,,,49.11000061035156,,,0,
2024-03-20 13:30:00+00:00,,49.560001373291016,,,49.560001373291016,,,49.560001373291016,,,49.560001373291016,,,0,
2024-03-21 13:30:00+00:00,,49.720001220703125,,,49.720001220703125,,,49.720001220703125,,,49.720001220703125,,,0,
2024-03-22 13:30:00+00:00,,49.650001525878906,,,49.650001525878906,,,49.650001525878906,,,49.650001525878906,,,0,
2024-03-25 13:30:00+00:00,,49.5,,,49.5,,,49.5,,,49.5,,,0,
2024-03-26 13:30:00+00:00,,49.36000061035156,,,49.36000061035156,,,49.36000061035156,,,49.36000061035156,,,0,
2024-03-27 13:30:00+00:00,,49.790000915527344,,,49.790000915527344,,,49.790000915527344,,,49.790000915527344,,,0,
2024-03-28 13:30:00+00:00,,49.849998474121094,,,49.849998474121094,,,49.849998474121094,,,49.849998474121094,,,0,
2024-04-01 13:30:00+00:00,,49.75,,,49.75,,,49.75,,,49.75,,,0,
2024-04-02 13:30:00+00:00,,49.38999938964844,,,49.38999938964844,,,49.38999938964844,,,49.38999938964844,,,0,
2024-04-03 13:30:00+00:00,,49.439998626708984,,,49.439998626708984,,,49.439998626708984,,,49.439998626708984,,,0,
2024-04-04 13:30:00+00:00,,48.84000015258789,,,48.84000015258789,,,48.84000015258789,,,48.84000015258789,,,0,
2024-04-05 13:30:00+00:00,,49.380001068115234,,,49.380001068115234,,,49.380001068115234,,,49.380001068115234,,,0,
2024-04-08 13:30:00+00:00,,49.36000061035156,,,49.36000061035156,,,49.36000061035156,,,49.36000061035156,,,0,
2024-04-09 13:30:00+00:00,,49.439998626708984,,,49.439998626708984,,,49.439998626708984,,,49.439998626708984,,,0,
2024-04-10 13:30:00+00:00,,48.970001220703125,,,48.970001220703125,,,48.970001220703125,,,48.970001220703125,,,0,
2024-04-11 13:30:00+00:00,,49.34000015258789,,,49.34000015258789,,,49.34000015258789,,,49.34000015258789,,,0,
2024-04-12 13:30:00+00:00,,48.630001068115234,,,48.630001068115234,,,48.630001068115234,,,48.630001068115234,,,0,
2024-04-15 13:30:00+00:00,,48.040000915527344,,,48.040000915527344,,,48.040000915527344,,,48.040000915527344,,,0,
2024-04-16 13:30:00+00:00,,47.939998626708984,,,47.939998626708984,,,47.939998626708984,,,47.939998626708984,,,0,
2024-04-17 13:30:00+00:00,,47.66999816894531,,,47.66999816894531,,,47.66999816894531,,,47.66999816894531,,,0,
2024-04-18 13:30:00+00:00,,47.560001373291016,,,47.560001373291016,,,47.560001373291016,,,47.560001373291016,,,0,
2024-04-19 13:30:00+00:00,,47.150001525878906,,,47.150001525878906,,,47.150001525878906,,,47.150001525878906,,,0,
2024-04-22 13:30:00+00:00,,47.560001373291016,,,47.560001373291016,,,47.560001373291016,,,47.560001373291016,,,0,
2024-04-23 13:30:00+00:00,,48.130001068115234,,,48.130001068115234,,,48.130001068115234,,,48.130001068115234,,,0,
2024-04-24 13:30:00+00:00,,48.13999938964844,,,48.13999938964844,,,48.13999938964844,,,48.13999938964844,,,0,
2024-04-25 13:30:00+00:00,,47.91999816894531,,,47.91999816894531,,,47.91999816894531,,,47.91999816894531,,,0,
2024-04-26 13:30:00+00:00,,48.40999984741211,,,48.40999984741211,,,48.40999984741211,,,48.40999984741211,,,0,
2024-04-29 13:30:00+00:00,,48.560001373291016,,,48.560001373291016,,,48.560001373291016,,,48.560001373291016,,,0,
2024-04-30 13:30:00+00:00,,47.79999923706055,,,47.79999923706055,,,47.79999923706055,,,47.79999923706055,,,0,
2024-05-01 13:30:00+00:00,,47.63999938964844,,,47.63999938964844,,,47.63999938964844,,,47.63999938964844,,,0,
2024-05-02 13:30:00+00:00,,48.06999969482422,,,48.06999969482422,,,48.06999969482422,,,48.06999969482422,,,0,
2024-05-03 13:30:00+00:00,,48.68000030517578,,,48.68000030517578,,,48.68000030517578,,,48.68000030517578,,,0,
2024-05-06 13:30:00+00:00,,49.18000030517578,,,49.18000030517578,,,49.18000030517578,,,49.18000030517578,,,0,
2024-05-07 13:30:00+00:00,,49.25,,,49.25,,,49.25,,,49.25,,,0,
2024-05-08 13:30:00+00:00,,49.2400016784668,,,49.2400016784668,,,49.2400016784668,,,49.2400016784668,,,0,
2024-05-09 13:30:00+00:00,,49.5,,,49.5,,,49.5,,,49.5,,,0,
2024-05-10 13:30:00+00:00,,49.59000015258789,,,49.59000015258789,,,49.59000015258789,,,49.59000015258789,,,0,
2024-05-13 13:30:00+00:00,,49.58000183105469,,,49.58000183105469,,,49.58000183105469,,,49.58000183105469,,,0,
2024-05-14 13:30:00+00:00,,49.83000183105469,,,49.83000183105469,,,49.83000183105469,,,49.83000183105469,,,0,
2024-05-15 13:30:00+00:00,,50.41999816894531,,,50.41999816894531,,,50.41999816894531,,,50.41999816894531,,,0,
2024-05-16 13:30:00+00:00,,50.31999969482422,,,50.31999969482422,,,50.31999969482422,,,50.31999969482422,,,0,
2024-05-17 13:30:00+00:00,,50.380001068115234,,,50.380001068115234,,,50.380001068115234,,,50.380001068115234,,,0,
2024-05-20 13:30:00+00:00,,50.43000030517578,,,50.43000030517578,,,50.43000030517578,,,50.43000030517578,,,0,
2024-05-21 13:30:00+00:00,,50.560001373291016,,,50.560001373291016,,,50.560001373291016,,,50.560001373291016,,,0,
2024-05-22 13:30:00+00:00,,50.41999816894531,,,50.41999816894531,,,50.41999816894531,,,50.41999816894531,,,0,
2024-05-23 13:30:00+00:00,,50.04999923706055,,,50.04999923706055,,,50.04999923706055,,,50.04999923706055,,,0,
2024-05-24 13:30:00+00:00,,50.400001525878906,,,50.400001525878906,,,50.400001525878906,,,50.400001525878906,,,0,
2024-05-28 13:30:00+00:00,,50.40999984741211,,,50.40999984741211,,,50.40999984741211,,,50.40999984741211,,,0,
2024-05-29 13:30:00+00:00,,50.040000915527344,,,50.040000915527344,,,50.040000915527344,,,50.040000915527344,,,0,
2024-05-30 13:30:00+00:00,,49.75,,,49.75,,,49.75,,,49.75,,,0,
2024-05-31 13:30:00+00:00,,50.150001525878906,,,50.150001525878906,,,50.150001525878906,,,50.150001525878906,,,0,
2024-06-03 13:30:00+00:00,,50.220001220703125,,,50.220001220703125,,,50.220001220703125,,,50.220001220703125,,,0,
2024-06-04 13:30:00+00:00,,50.290000915527344,,,50.290000915527344,,,50.290000915527344,,,50.290000915527344,,,0,
2024-06-05 13:30:00+00:00,,50.88999938964844,,,50.88999938964844,,,50.88999938964844,,,50.88999938964844,,,0,
2024-06-06 13:30:00+00:00,,50.880001068115234,,,50.880001068115234,,,50.880001068115234,,,50.880001068115234,,,0,
2024-06-07 13:30:00+00:00,,50.83000183105469,,,50.83000183105469,,,50.83000183105469,,,50.83000183105469,,,0,
2024-06-10 13:30:00+00:00,,50.970001220703125,,,50.970001220703125,,,50.970001220703125,,,50.970001220703125,,,0,
2024-06-11 13:30:00+00:00,,51.099998474121094,,,51.099998474121094,,,51.099998474121094,,,51.099998474121094,,,0,
2024-06-12 13:30:00+00:00,,51.540000915527344,,,51.540000915527344,,,51.540000915527344,,,51.540000915527344,,,0,
2024-06-13 13:30:00+00:00,,51.65999984741211,,,51.65999984741211,,,51.65999984741211,,,51.65999984741211,,,0,
2024-06-14 13:30:00+00:00,,51.650001525878906,,,51.650001525878906,,,51.650001525878906,,,51.650001525878906,,,0,
2024-06-17 13:30:00+00:00,,52.060001373291016,,,52.060001373291016,,,52.060001373291016,,,52.060001373291016,,,0,
2024-06-18 13:30:00+00:00,,52.189998626708984,,,52.189998626708984,,,52.189998626708984,,,52.189998626708984,,,0,
2024-06-20 13:30:00+00:00,,52.060001373291016,,,52.060001373291016,,,52.060001373291016,,,52.060001373291016,,,0,
2024-06-21 13:30:00+00:00,,51.97999954223633,,,51.97999954223633,,,51.97999954223633,,,51.97999954223633,,,0,
2024-06-24 13:30:00+00:00,,51.81999969482422,,,51.81999969482422,,,51.81999969482422,,,51.81999969482422,,,0,
2024-06-25 13:30:00+00:00,,52.02000045776367,,,52.02000045776367,,,52.02000045776367,,,52.02000045776367,,,0,
2024-06-26 13:30:00+00:00,,52.11000061035156,,,52.11000061035156,,,52.11000061035156,,,52.11000061035156,,,0,
2024-06-27 13:30:00+00:00,,52.150001525878906,,,52.150001525878906,,,52.150001525878906,,,52.150001525878906,,,0,
2024-06-28 13:30:00+00:00,,51.95000076293945,,,51.95000076293945,,,51.95000076293945,,,51.95000076293945,,,0,
2024-07-01 13:30:00+00:00,,52.08000183105469,,,52.08000183105469,,,52.08000183105469,,,52.08000183105469,,,0,
2024-07-02 13:30:00+00:00,,52.40999984741211,,,52.40999984741211,,,52.40999984741211,,,52.40999984741211,,,0,
2024-07-03 13:30:00+00:00,,52.66999816894531,,,52.66999816894531,,,52.66999816894531,,,52.66999816894531,,,0,
2024-07-05 13:30:00+00:00,,52.970001220703125,,,52.970001220703125,,,52.970001220703125,,,52.970001220703125,,,0,
2024-07-08 13:30:00+00:00,,53.02000045776367,,,53.02000045776367,,,53.02000045776367,,,53.02000045776367,,,0,
2024-07-09 13:30:00+00:00,,53.06999969482422,,,53.06999969482422,,,53.06999969482422,,,53.06999969482422,,,0,
2024-07-10 13:30:00+00:00,,53.619998931884766,,,53.619998931884766,,,53.619998931884766,,,53.619998931884766,,,0,
2024-07-11 13:30:00+00:00,,53.150001525878906,,,53.150001525878906,,,53.150001525878906,,,53.150001525878906,,,0,
2024-07-12 13:30:00+00:00,,53.439998626708984,,,53.439998626708984,,,53.439998626708984,,,53.439998626708984,,,0,
2024-07-15 13:30:00+00:00,,53.599998474121094,,,53.599998474121094,,,53.599998474121094,,,53.599998474121094,,,0,
2024-07-16 13:30:00+00:00,,53.939998626708984,,,53.939998626708984,,,53.939998626708984,,,53.939998626708984,,,0,
2024-07-17 13:30:00+00:00,,53.20000076293945,,,53.20000076293945,,,53.20000076293945,,,53.20000076293945,,,0,
2024-07-18 13:30:00+00:00,,52.779998779296875,,,52.779998779296875,,,52.779998779296875,,,52.779998779296875,,,0,
2024-07-19 13:30:00+00:00,,52.41999816894531,,,52.41999816894531,,,52.41999816894531,,,52.41999816894531,,,0,
2024-07-22 13:30:00+00:00,,52.9900016784668,,,52.9900016784668,,,52.9900016784668,,,52.9900016784668,,,0,
2024-07-23 13:30:00+00:00,,52.90999984741211,,,52.90999984741211,,,52.90999984741211,,,52.90999984741211,,,0,
2024-07-24 13:30:00+00:00,,51.689998626708984,,,51.689998626708984,,,51.689998626708984,,,51.689998626708984,,,0,
2024-07-25 13:30:00+00:00,,51.41999816894531,,,51.41999816894531,,,51.41999816894531,,,51.41999816894531,,,0,
2024-07-26 13:30:00+00:00,,52.0,,,52.0,,,52.0,,,52.0,,,0,
2024-07-29 13:30:00+00:00,,52.040000915527344,,,52.040000915527344,,,52.040000915527344,,,52.040000915527344,,,0,
2024-07-30 13:30:00+00:00,,51.790000915527344,,,51.790000915527344,,,51.790000915527344,,,51.790000915527344,,,0,
2024-07-31 13:30:00+00:00,,52.61000061035156,,,52.61000061035156,,,52.61000061035156,,,52.61000061035156,,,0,
2024-08-01 13:30:00+00:00,,51.88999938964844,,,51.88999938964844,,,51.88999938964844,,,51.88999938964844,,,0,
2024-08-02 13:30:00+00:00,,50.939998626708984,,,50.939998626708984,,,50.939998626708984,,,50.939998626708984,,,0,
2024-08-05 13:30:00+00:00,,49.41999816894531,,,49.41999816894531,,,49.41999816894531,,,49.41999816894531,,,0,
2024-08-06 13:30:00+00:00,,49.91999816894531,,,49.91999816894531,,,49.91999816894531,,,49.91999816894531,,,0,
2024-08-07 13:30:00+00:00,,49.540000915527344,,,49.540000915527344,,,49.540000915527344,,,49.540000915527344,,,0,
2024-08-08 13:30:00+00:00,,50.68000030517578,,,50.68000030517578,,,50.68000030517578,,,50.68000030517578,,,0,
2024-08-09 13:30:00+00:00,,50.91999816894531,,,50.91999816894531,,,50.91999816894531,,,50.91999816894531,,,0,
2024-08-12 13:30:00+00:00,,50.93000030517578,,,50.93000030517578,,,50.93000030517578,,,50.93000030517578,,,0,
2024-08-13 13:30:00+00:00,,51.779998779296875,,,51.779998779296875,,,51.779998779296875,,,51.779998779296875,,,0,
2024-08-14 13:30:00+00:00,,51.97999954223633,,,51.97999954223633,,,51.97999954223633,,,51.97999954223633,,,0,
2024-08-15 13:30:00+00:00,,52.83000183105469,,,52.83000183105469,,,52.83000183105469,,,52.83000183105469,,,0,
2024-08-16 13:30:00+00:00,,52.939998626708984,,,52.939998626708984,,,52.939998626708984,,,52.939998626708984,,,0,
2024-08-19 13:30:00+00:00,,53.459999084472656,,,53.459999084472656,,,53.459999084472656,,,53.459999084472656,,,0,
2024-08-20 13:30:00+00:00,,53.36000061035156,,,53.36000061035156,,,53.36000061035156,,,53.36000061035156,,,0,
2024-08-21 13:30:00+00:00,,53.58000183105469,,,53.58000183105469,,,53.58000183105469,,,53.58000183105469,,,0,
2024-08-22 13:30:00+00:00,,53.11000061035156,,,53.11000061035156,,,53.11000061035156,,,53.11000061035156,,,0,
2024-08-23 13:30:00+00:00,,53.709999084472656,,,53.709999084472656,,,53.709999084472656,,,53.709999084472656,,,0,
2024-08-26 13:30:00+00:00,,53.54999923706055,,,53.54999923706055,,,53.54999923706055,,,53.54999923706055,,,0,
2024-08-27 13:30:00+00:00,,53.630001068115234,,,53.630001068115234,,,53.630001068115234,,,53.630001068115234,,,0,
2024-08-28 13:30:00+00:00,,53.31999969482422,,,53.31999969482422,,,53.31999969482422,,,53.31999969482422,,,0,
2024-08-29 13:30:00+00:00,,53.310001373291016,,,53.310001373291016,,,53.310001373291016,,,53.310001373291016,,,0,
2024-08-30 13:30:00+00:00,,53.86000061035156,,,53.86000061035156,,,53.86000061035156,,,53.86000061035156,,,0,
2024-09-03 13:30:00+00:00,,52.72999954223633,,,52.72999954223633,,,52.72999954223633,,,52.72999954223633,,,0,
2024-09-04 13:30:00+00:00,,52.650001525878906,,,52.650001525878906,,,52.650001525878906,,,52.650001525878906,,,0,
2024-09-05 13:30:00+00:00,,52.4900016784668,,,52.4900016784668,,,52.4900016784668,,,52.4900016784668,,,0,
2024-09-06 13:30:00+00:00,,51.59000015258789,,,51.59000015258789,,,51.59000015258789,,,51.59000015258789,,,0,
2024-09-09 13:30:00+00:00,,52.189998626708984,,,52.189998626708984,,,52.189998626708984,,,52.189998626708984,,,0,
2024-09-10 13:30:00+00:00,,52.43000030517578,,,52.43000030517578,,,52.43000030517578,,,52.43000030517578,,,0,
2024-09-11 13:30:00+00:00,,52.97999954223633,,,52.97999954223633,,,52.97999954223633,,,52.97999954223633,,,0,
2024-09-12 13:30:00+00:00,,53.380001068115234,,,53.380001068115234,,,53.380001068115234,,,53.380001068115234,,,0,
2024-09-13 13:30:00+00:00,,53.66999816894531,,,53.66999816894531,,,53.66999816894531,,,53.66999816894531,,,0,
2024-09-16 13:30:00+00:00,,53.75,,,53.75,,,53.75,,,53.75,,,0,
2024-09-17 13:30:00+00:00,,53.7599983215332,,,53.7599983215332,,,53.7599983215332,,,53.7599983215332,,,0,
2024-09-18 13:30:00+00:00,,53.61000061035156,,,53.61000061035156,,,53.61000061035156,,,53.61000061035156,,,0,
2024-09-19 13:30:00+00:00,,54.5099983215332,,,54.5099983215332,,,54.5099983215332,,,54.5099983215332,,,0,
2024-09-20 13:30:00+00:00,,54.400001525878906,,,54.400001525878906,,,54.400001525878906,,,54.400001525878906,,,0,
2024-09-23 13:30:00+00:00,,54.54999923706055,,,54.54999923706055,,,54.54999923706055,,,54.54999923706055,,,0,
2024-09-24 13:30:00+00:00,,54.689998626708984,,,54.689998626708984,,,54.689998626708984,,,54.689998626708984,,,0,
2024-09-25 13:30:00+00:00,,54.58000183105469,,,54.58000183105469,,,54.58000183105469,,,54.58000183105469,,,0,
2024-09-26 13:30:00+00:00,,54.810001373291016,,,54.810001373291016,,,54.810001373291016,,,54.810001373291016,,,0,
2024-09-27 13:30:00+00:00,,54.7400016784668,,,54.7400016784668,,,54.7400016784668,,,54.7400016784668,,,0,
2024-09-30 13:30:00+00:00,,54.97999954223633,,,54.97999954223633,,,54.97999954223633,,,54.97999954223633,,,0,
2024-10-01 13:30:00+00:00,,54.470001220703125,,,54.470001220703125,,,54.470001220703125,,,54.470001220703125,,,0,
2024-10-02 13:30:00+00:00,,54.470001220703125,,,54.470001220703125,,,54.470001220703125,,,54.470001220703125,,,0,
2024-10-03 13:30:00+00:00,,54.380001068115234,,,54.380001068115234,,,54.380001068115234,,,54.380001068115234,,,0,
2024-10-04 13:30:00+00:00,,54.880001068115234,,,54.880001068115234,,,54.880001068115234,,,54.880001068115234,,,0,
2024-10-07 13:30:00+00:00,,54.349998474121094,,,54.349998474121094,,,54.349998474121094,,,54.349998474121094,,,0,
2024-10-08 13:30:00+00:00,,54.880001068115234,,,54.880001068115234,,,54.880001068115234,,,54.880001068115234,,,0,
2024-10-09 13:30:00+00:00,,55.27000045776367,,,55.27000045776367,,,55.27000045776367,,,55.27000045776367,,,0,
2024-10-10 13:30:00+00:00,,55.16999816894531,,,55.16999816894531,,,55.16999816894531,,,55.16999816894531,,,0,
2024-10-11 13:30:00+00:00,,55.5,,,55.5,,,55.5,,,55.5,,,0,
2024-10-14 13:30:00+00:00,,55.93000030517578,,,55.93000030517578,,,55.93000030517578,,,55.93000030517578,,,0,
2024-10-15 13:30:00+00:00,,55.5099983215332,,,55.5099983215332,,,55.5099983215332,,,55.5099983215332,,,0,
2024-10-16 13:30:00+00:00,,55.7599983215332,,,55.7599983215332,,,55.7599983215332,,,55.7599983215332,,,0,
2024-10-17 13:30:00+00:00,,55.7599983215332,,,55.7599983215332,,,55.7599983215332,,,55.7599983215332,,,0,
2024-10-18 13:30:00+00:00,,55.97999954223633,,,55.97999954223633,,,55.97999954223633,,,55.97999954223633,,,0,
2024-10-21 13:30:00+00:00,,55.880001068115234,,,55.880001068115234,,,55.880001068115234,,,55.880001068115234,,,0,
2024-10-22 13:30:00+00:00,,55.849998474121094,,,55.849998474121094,,,55.849998474121094,,,55.849998474121094,,,0,
2024-10-23 13:30:00+00:00,,55.34000015258789,,,55.34000015258789,,,55.34000015258789,,,55.34000015258789,,,0,
2024-10-24 13:30:00+00:00,,55.459999084472656,,,55.459999084472656,,,55.459999084472656,,,55.459999084472656,,,0,
2024-10-25 13:30:00+00:00,,55.439998626708984,,,55.439998626708984,,,55.439998626708984,,,55.439998626708984,,,0,
2024-10-28 13:30:00+00:00,,55.59000015258789,,,55.59000015258789,,,55.59000015258789,,,55.59000015258789,,,0,
2024-10-29 13:30:00+00:00,,55.68000030517578,,,55.68000030517578,,,55.68000030517578,,,55.68000030517578,,,0,
2024-10-30 13:30:00+00:00,,55.5,,,55.5,,,55.5,,,55.5,,,0,
2024-10-31 13:30:00+00:00,,54.459999084472656,,,54.459999084472656,,,54.459999084472656,,,54.459999084472656,,,0,
2024-11-01 13:30:00+00:00,,54.689998626708984,,,54.689998626708984,,,54.689998626708984,,,54.689998626708984,,,0,
2024-11-04 14:30:00+00:00,,54.540000915527344,,,54.540000915527344,,,54.540000915527344,,,54.540000915527344,,,0,
2024-11-05 14:30:00+00:00,,55.209999084472656,,,55.209999084472656,,,55.209999084472656,,,55.209999084472656,,,0,
2024-11-06 14:30:00+00:00,,56.599998474121094,,,56.599998474121094,,,56.599998474121094,,,56.599998474121094,,,0,
2024-11-07 14:30:00+00:00,,57.02000045776367,,,57.02000045776367,,,57.02000045776367,,,57.02000045776367,,,0,
2024-11-08 14:30:00+00:00,,57.2400016784668,,,57.2400016784668,,,57.2400016784668,,,57.2400016784668,,,0,
2024-11-11 14:30:00+00:00,,57.29999923706055,,,57.29999923706055,,,57.29999923706055,,,57.29999923706055,,,0,
2024-11-12 14:30:00+00:00,,57.13999938964844,,,57.13999938964844,,,57.13999938964844,,,57.13999938964844,,,0,
2024-11-13 14:30:00+00:00,,57.150001525878906,,,57.150001525878906,,,57.150001525878906,,,57.150001525878906,,,0,
2024-11-14 14:30:00+00:00,,56.81999969482422,,,56.81999969482422,,,56.81999969482422,,,56.81999969482422,,,0,
2024-11-15 14:30:00+00:00,,56.06999969482422,,,56.06999969482422,,,56.06999969482422,,,56.06999969482422,,,0,
2024-11-18 14:30:00+00:00,,56.290000915527344,,,56.290000915527344,,,56.290000915527344,,,56.290000915527344,,,0,
2024-11-19 14:30:00+00:00,,56.5099983215332,,,56.5099983215332,,,56.5099983215332,,,56.5099983215332,,,0,
2024-11-20 14:30:00+00:00,,56.5099983215332,,,56.5099983215332,,,56.5099983215332,,,56.5099983215332,,,0,
2024-11-21 14:30:00+00:00,,56.81999969482422,,,56.81999969482422,,,56.81999969482422,,,56.81999969482422,,,0,
2024-11-22 14:30:00+00:00,,57.0099983215332,,,57.0099983215332,,,57.0099983215332,,,57.0099983215332,,,0,
2024-11-25 14:30:00+00:00,,57.189998626708984,,,57.189998626708984,,,57.189998626708984,,,57.189998626708984,,,0,
2024-11-26 14:30:00+00:00,,57.52000045776367,,,57.52000045776367,,,57.52000045776367,,,57.52000045776367,,,0,
2024-11-27 14:30:00+00:00,,57.310001373291016,,,57.310001373291016,,,57.310001373291016,,,57.310001373291016,,,0,
2024-11-29 14:30:00+00:00,,57.630001068115234,,,57.630001068115234,,,57.630001068115234,,,57.630001068115234,,,0,
2024-12-02 14:30:00+00:00,,57.790000915527344,,,57.790000915527344,,,57.790000915527344,,,57.790000915527344,,,0,
2024-12-03 14:30:00+00:00,,57.810001373291016,,,57.810001373291016,,,57.810001373291016,,,57.810001373291016,,,0,
2024-12-04 14:30:00+00:00,,58.16999816894531,,,58.16999816894531,,,58.16999816894531,,,58.16999816894531,,,0,
2024-12-05 14:30:00+00:00,,58.06999969482422,,,58.06999969482422,,,58.06999969482422,,,58.06999969482422,,,0,
2024-12-06 14:30:00+00:00,,58.220001220703125,,,58.220001220703125,,,58.220001220703125,,,58.220001220703125,,,0,
2024-12-09 14:30:00+00:00,,57.869998931884766,,,57.869998931884766,,,57.869998931884766,,,57.869998931884766,,,0,
2024-12-10 14:30:00+00:00,,57.709999084472656,,,57.709999084472656,,,57.709999084472656,,,57.709999084472656,,,0,
2024-12-11 14:30:00+00:00,,58.18000030517578,,,58.18000030517578,,,58.18000030517578,,,58.18000030517578,,,0,
2024-12-12 14:30:00+00:00,,57.86000061035156,,,57.86000061035156,,,57.86000061035156,,,57.86000061035156,,,0,
2024-12-13 14:30:00+00:00,,56.779998779296875,,,56.779998779296875,,,56.779998779296875,,,56.779998779296875,,,0,
2024-12-16 14:30:00+00:00,,57.0099983215332,,,57.0099983215332,,,57.0099983215332,,,57.0099983215332,,,0,
2024-12-17 14:30:00+00:00,,56.790000915527344,,,56.790000915527344,,,56.790000915527344,,,56.790000915527344,,,0,
2024-12-18 14:30:00+00:00,,55.119998931884766,,,55.119998931884766,,,55.119998931884766,,,55.119998931884766,,,0,
2024-12-19 14:30:00+00:00,,55.06999969482422,,,55.06999969482422,,,55.06999969482422,,,55.06999969482422,,,0,
2024-12-20 14:30:00+00:00,,55.66999816894531,,,55.66999816894531,,,55.66999816894531,,,55.66999816894531,,,0,
2024-12-23 14:30:00+00:00,,56.08000183105469,,,56.08000183105469,,,56.08000183105469,,,56.08000183105469,,,0,
2024-12-24 14:30:00+00:00,,56.70000076293945,,,56.70000076293945,,,56.70000076293945,,,56.70000076293945,,,0,
2024-12-26 14:30:00+00:00,,56.68000030517578,,,56.68000030517578,,,56.68000030517578,,,56.68000030517578,,,0,
2024-12-27 14:30:00+00:00,,56.060001373291016,,,56.060001373291016,,,56.060001373291016,,,56.060001373291016,,,0,
2024-12-30 14:30:00+00:00,,55.459999084472656,,,55.459999084472656,,,55.459999084472656,,,55.459999084472656,,,0,
2024-12-31 14:30:00+00:00,,55.220001220703125,,,55.220001220703125,,,55.220001220703125,,,55.220001220703125,,,0,
2025-01-02 14:30:00+00:00,,55.099998474121094,,,55.099998474121094,,,55.099998474121094,,,55.099998474121094,,,0,
2025-01-03 14:30:00+00:00,,55.790000915527344,,,55.790000915527344,,,55.790000915527344,,,55.790000915527344,,,0,
2025-01-06 14:30:00+00:00,,56.11000061035156,,,56.11000061035156,,,56.11000061035156,,,56.11000061035156,,,0,
2025-01-07 14:30:00+00:00,,55.47999954223633,,,55.47999954223633,,,55.47999954223633,,,55.47999954223633,,,0,
2025-01-08 14:30:00+00:00,,55.56999969482422,,,55.56999969482422,,,55.56999969482422,,,55.56999969482422,,,0,
2025-01-10 14:30:00+00:00,,54.720001220703125,,,54.720001220703125,,,54.720001220703125,,,54.720001220703125,,,0,
2025-01-13 14:30:00+00:00,,54.810001373291016,,,54.810001373291016,,,54.810001373291016,,,54.810001373291016,,,0,
2025-01-14 14:30:00+00:00,,54.86000061035156,,,54.86000061035156,,,54.86000061035156,,,54.86000061035156,,,0,
2025-01-15 14:30:00+00:00,,55.880001068115234,,,55.880001068115234,,,55.880001068115234,,,55.880001068115234,,,0,
2025-01-16 14:30:00+00:00,,55.75,,,55.75,,,55.75,,,55.75,,,0,
2025-01-17 14:30:00+00:00,,56.310001373291016,,,56.310001373291016,,,56.310001373291016,,,56.310001373291016,,,0,
2025-01-21 14:30:00+00:00,,56.79999923706055,,,56.79999923706055,,,56.79999923706055,,,56.79999923706055,,,0,
2025-01-22 14:30:00+00:00,,57.150001525878906,,,57.150001525878906,,,57.150001525878906,,,57.150001525878906,,,0,
2025-01-23 14:30:00+00:00,,57.459999084472656,,,57.459999084472656,,,57.459999084472656,,,57.459999084472656,,,0,
2025-01-24 14:30:00+00:00,,57.290000915527344,,,57.290000915527344,,,57.290000915527344,,,57.290000915527344,,,0,
2025-01-27 14:30:00+00:00,,56.47999954223633,,,56.47999954223633,,,56.47999954223633,,,56.47999954223633,,,0,
2025-01-28 14:30:00+00:00,,57.0,,,57.0,,,57.0,,,57.0,,,0,
2025-01-29 14:30:00+00:00,,56.72999954223633,,,56.72999954223633,,,56.72999954223633,,,56.72999954223633,,,0,
2025-01-30 14:30:00+00:00,,57.02000045776367,,,57.02000045776367,,,57.02000045776367,,,57.02000045776367,,,0,
2025-01-31 14:30:00+00:00,,56.7400016784668,,,56.7400016784668,,,56.7400016784668,,,56.7400016784668,,,0,
2025-02-03 14:30:00+00:00,,56.29999923706055,,,56.29999923706055,,,56.29999923706055,,,56.29999923706055,,,0,
2025-02-04 14:30:00+00:00,,56.720001220703125,,,56.720001220703125,,,56.720001220703125,,,56.720001220703125,,,0,
2025-02-05 14:30:00+00:00,,56.93000030517578,,,56.93000030517578,,,56.93000030517578,,,56.93000030517578,,,0,
2025-02-06 14:30:00+00:00,,57.13999938964844,,,57.13999938964844,,,57.13999938964844,,,57.13999938964844,,,0,
2025-02-07 14:30:00+00:00,,56.599998474121094,,,56.599998474121094,,,56.599998474121094,,,56.599998474121094,,,0,
2025-02-10 14:30:00+00:00,,56.9900016784668,,,56.9900016784668,,,56.9900016784668,,,56.9900016784668,,,0,
2025-02-11 14:30:00+00:00,,57.02000045776367,,,57.02000045776367,,,57.02000045776367,,,57.02000045776367,,,0,
2025-02-12 14:30:00+00:00,,56.869998931884766,,,56.869998931884766,,,56.869998931884766,,,56.869998931884766,,,0,
2025-02-13 14:30:00+00:00,,57.459999084472656,,,57.459999084472656,,,57.459999084472656,,,57.459999084472656,,,0,
2025-02-14 14:30:00+00:00,,57.470001220703125,,,57.470001220703125,,,57.470001220703125,,,57.470001220703125,,,0,
2025-02-18 14:30:00+00:00,,57.61000061035156,,,57.61000061035156,,,57.61000061035156,,,57.61000061035156,,,0,
2025-02-19 14:30:00+00:00,,57.75,,,57.75,,,57.75,,,57.75,,,0,
2025-02-20 14:30:00+00:00,,57.5099983215332,,,57.5099983215332,,,57.5099983215332,,,57.5099983215332,,,0,
2025-02-21 14:30:00+00:00,,56.540000915527344,,,56.540000915527344,,,56.540000915527344,,,56.540000915527344,,,0,
2025-02-24 14:30:00+00:00,,56.2599983215332,,,56.2599983215332,,,56.2599983215332,,,56.2599983215332,,,0,
2025-02-25 14:30:00+00:00,,56.0,,,56.0,,,56.0,,,56.0,,,0,
2025-02-26 14:30:00+00:00,,56.0,,,56.0,,,56.0,,,56.0,,,0,
2025-02-27 14:30:00+00:00,,55.11000061035156,,,55.11000061035156,,,55.11000061035156,,,55.11000061035156,,,0,
2025-02-28 14:30:00+00:00,,55.9900016784668,,,55.9900016784668,,,55.9900016784668,,,55.9900016784668,,,0,
2025-03-03 14:30:00+00:00,,55.02000045776367,,,55.02000045776367,,,55.02000045776367,,,55.02000045776367,,,0,
2025-03-04 14:30:00+00:00,,54.349998474121094,,,54.349998474121094,,,54.349998474121094,,,54.349998474121094,,,0,
2025-03-05 14:30:00+00:00,,54.95000076293945,,,54.95000076293945,,,54.95000076293945,,,54.95000076293945,,,0,
2025-03-06 14:30:00+00:00,,53.9900016784668,,,53.9900016784668,,,53.9900016784668,,,53.9900016784668,,,0,
2025-03-07 14:30:00+00:00,,54.290000915527344,,,54.290000915527344,,,54.290000915527344,,,54.290000915527344,,,0,
2025-03-10 13:30:00+00:00,,52.84000015258789,,,52.84000015258789,,,52.84000015258789,,,52.84000015258789,,,0,
2025-03-11 13:30:00+00:00,,52.43000030517578,,,52.43000030517578,,,52.43000030517578,,,52.43000030517578,,,0,
2025-03-12 13:30:00+00:00,,52.68000030517578,,,52.68000030517578,,,52.68000030517578,,,52.68000030517578,,,0,
2025-03-13 13:30:00+00:00,,51.959999084472656,,,51.959999084472656,,,51.959999084472656,,,51.959999084472656,,,0,
2025-03-14 13:30:00+00:00,,53.06999969482422,,,53.06999969482422,,,53.06999969482422,,,53.06999969482422,,,0,
2025-03-17 13:30:00+00:00,,53.40999984741211,,,53.40999984741211,,,53.40999984741211,,,53.40999984741211,,,0,
2025-03-18 13:30:00+00:00,,52.84000015258789,,,52.84000015258789,,,52.84000015258789,,,52.84000015258789,,,0,
2025-03-19 13:30:00+00:00,,53.400001525878906,,,53.400001525878906,,,53.400001525878906,,,53.400001525878906,,,0,
2025-03-20 13:30:00+00:00,,53.290000915527344,,,53.290000915527344,,,53.290000915527344,,,53.290000915527344,,,0,
2025-03-21 13:30:00+00:00,,53.34000015258789,,,53.34000015258789,,,53.34000015258789,,,53.34000015258789,,,0,
2025-03-24 13:30:00+00:00,,54.27000045776367,,,54.27000045776367,,,54.27000045776367,,,54.27000045776367,,,0,
2025-03-25 13:30:00+00:00,,54.36000061035156,,,54.36000061035156,,,54.36000061035156,,,54.36000061035156,,,0,
2025-03-26 13:30:00+00:00,,53.7599983215332,,,53.7599983215332,,,53.7599983215332,,,53.7599983215332,,,0,
2025-03-27 13:30:00+00:00,,53.59000015258789,,,53.59000015258789,,,53.59000015258789,,,53.59000015258789,,,0,
2025-03-28 13:30:00+00:00,,52.529998779296875,,,52.529998779296875,,,52.529998779296875,,,52.529998779296875,,,0,
2025-03-31 13:30:00+00:00,,52.84000015258789,,,52.84000015258789,,,52.84000015258789,,,52.84000015258789,,,0,
2025-04-01 13:30:00+00:00,,53.029998779296875,,,53.029998779296875,,,53.029998779296875,,,53.029998779296875,,,0,
2025-04-02 13:30:00+00:00,,53.380001068115234,,,53.380001068115234,,,53.380001068115234,,,53.380001068115234,,,0,
2025-04-03 13:30:00+00:00,,50.81999969482422,,,50.81999969482422,,,50.81999969482422,,,50.81999969482422,,,0,
2025-04-04 13:30:00+00:00,,47.79999923706055,,,47.79999923706055,,,47.79999923706055,,,47.79999923706055,,,0,
2025-04-07 13:30:00+00:00,,47.68000030517578,,,47.68000030517578,,,47.68000030517578,,,47.68000030517578,,,0,
2025-04-08 13:30:00+00:00,,46.91999816894531,,,46.91999816894531,,,46.91999816894531,,,46.91999816894531,,,0,
2025-04-09 13:30:00+00:00,,51.400001525878906,,,51.400001525878906,,,51.400001525878906,,,51.400001525878906,,,0,
2025-04-10 13:30:00+00:00,,49.630001068115234,,,49.630001068115234,,,49.630001068115234,,,49.630001068115234,,,0,
2025-04-11 13:30:00+00:00,,50.529998779296875,,,50.529998779296875,,,50.529998779296875,,,50.529998779296875,,,0,
2025-04-14 13:30:00+00:00,,50.93000030517578,,,50.93000030517578,,,50.93000030517578,,,50.93000030517578,,,0,
2025-04-15 13:30:00+00:00,,50.84000015258789,,,50.84000015258789,,,50.84000015258789,,,50.84000015258789,,,0,
2025-04-16 13:30:00+00:00,,49.70000076293945,,,49.70000076293945,,,49.70000076293945,,,49.70000076293945,,,0,
2025-04-17 13:30:00+00:00,,49.77000045776367,,,49.77000045776367,,,49.77000045776367,,,49.77000045776367,,,0,
2025-04-21 13:30:00+00:00,,48.599998474121094,,,48.599998474121094,,,48.599998474121094,,,48.599998474121094,,,0,
2025-04-22 13:30:00+00:00,,49.81999969482422,,,49.81999969482422,,,49.81999969482422,,,49.81999969482422,,,0,
2025-04-23 13:30:00+00:00,,50.650001525878906,,,50.650001525878906,,,50.650001525878906,,,50.650001525878906,,,0,
2025-04-24 13:30:00+00:00,,51.66999816894531,,,51.66999816894531,,,51.66999816894531,,,51.66999816894531,,,0,
2025-04-25 13:30:00+00:00,,52.040000915527344,,,52.040000915527344,,,52.040000915527344,,,52.040000915527344,,,0,
2025-04-28 13:30:00+00:00,,52.06999969482422,,,52.06999969482422,,,52.06999969482422,,,52.06999969482422,,,0,
2025-04-29 13:30:00+00:00,,52.380001068115234,,,52.380001068115234,,,52.380001068115234,,,52.380001068115234,,,0,
2025-04-30 13:30:00+00:00,,52.459999084472656,,,52.459999084472656,,,52.459999084472656,,,52.459999084472656,,,0,
2025-05-01 13:30:00+00:00,,52.790000915527344,,,52.790000915527344,,,52.790000915527344,,,52.790000915527344,,,0,
2025-05-02 13:30:00+00:00,,53.560001373291016,,,53.560001373291016,,,53.560001373291016,,,53.560001373291016,,,0,
2025-05-05 13:30:00+00:00,,53.220001220703125,,,53.220001220703125,,,53.220001220703125,,,53.220001220703125,,,0,
2025-05-06 13:30:00+00:00,,52.810001373291016,,,52.810001373291016,,,52.810001373291016,,,52.810001373291016,,,0,
2025-05-07 13:30:00+00:00,,52.810001373291016,,,52.810001373291016,,,52.810001373291016,,,52.810001373291016,,,0,
2025-05-08 13:30:00+00:00,,53.349998474121094,,,53.349998474121094,,,53.349998474121094,,,53.349998474121094,,,0,
2025-05-09 13:30:00+00:00,,53.31999969482422,,,53.31999969482422,,,53.31999969482422,,,53.31999969482422,,,0,
2025-05-12 13:30:00+00:00,,55.04999923706055,,,55.04999923706055,,,55.04999923706055,,,55.04999923706055,,,0,
2025-05-13 13:30:00+00:00,,55.45000076293945,,,55.45000076293945,,,55.45000076293945,,,55.45000076293945,,,0,
2025-05-14 13:30:00+00:00,,55.5099983215332,,,55.5099983215332,,,55.5099983215332,,,55.5099983215332,,,0,
2025-05-15 13:30:00+00:00,,55.75,,,55.75,,,55.75,,,55.75,,,0,
2025-05-16 13:30:00+00:00,,56.150001525878906,,,56.150001525878906,,,56.150001525878906,,,56.150001525878906,,,0,
2025-05-19 13:30:00+00:00,,56.20000076293945,,,56.20000076293945,,,56.20000076293945,,,56.20000076293945,,,0,
2025-05-20 13:30:00+00:00,,55.9900016784668,,,55.9900016784668,,,55.9900016784668,,,55.9900016784668,,,0,
2025-05-21 13:30:00+00:00,,55.09000015258789,,,55.09000015258789,,,55.09000015258789,,,55.09000015258789,,,0,
2025-05-22 13:30:00+00:00,,55.060001373291016,,,55.060001373291016,,,55.060001373291016,,,55.060001373291016,,,0,
2025-05-23 13:30:00+00:00,,54.70000076293945,,,54.70000076293945,,,54.70000076293945,,,54.70000076293945,,,0,
2025-05-27 13:30:00+00:00,,55.81999969482422,,,55.81999969482422,,,55.81999969482422,,,55.81999969482422,,,0,
2025-05-28 13:30:00+00:00,,55.5099983215332,,,55.5099983215332,,,55.5099983215332,,,55.5099983215332,,,0,
2025-05-29 13:30:00+00:00,,55.7400016784668,,,55.7400016784668,,,55.7400016784668,,,55.7400016784668,,,0,
2025-05-30 13:30:00+00:00,,55.7400016784668,,,55.7400016784668,,,55.7400016784668,,,55.7400016784668,,,0,
2025-06-02 13:30:00+00:00,,55.970001220703125,,,55.970001220703125,,,55.970001220703125,,,55.970001220703125,,,0,
2025-06-03 13:30:00+00:00,,56.290000915527344,,,56.290000915527344,,,56.290000915527344,,,56.290000915527344,,,0,
2025-06-04 13:30:00+00:00,,56.29999923706055,,,56.29999923706055,,,56.29999923706055,,,56.29999923706055,,,0,
2025-06-05 13:30:00+00:00,,56.0099983215332,,,56.0099983215332,,,56.0099983215332,,,56.0099983215332,,,0,
2025-06-06 13:30:00+00:00,,56.59000015258789,,,56.59000015258789,,,56.59000015258789,,,56.59000015258789,,,0,
2025-06-09 13:30:00+00:00,,56.650001525878906,,,56.650001525878906,,,56.650001525878906,,,56.650001525878906,,,0,
2025-06-10 13:30:00+00:00,,56.959999084472656,,,56.959999084472656,,,56.959999084472656,,,56.959999084472656,,,0,
2025-06-11 13:30:00+00:00,,56.810001373291016,,,56.810001373291016,,,56.810001373291016,,,56.810001373291016,,,0,
2025-06-12 13:30:00+00:00,,57.02000045776367,,,57.02000045776367,,,57.02000045776367,,,57.02000045776367,,,0,
2025-06-13 13:30:00+00:00,,56.38999938964844,,,56.38999938964844,,,56.38999938964844,,,56.38999938964844,,,0,
2025-06-16 13:30:00+00:00,,56.93000030517578,,,56.93000030517578,,,56.93000030517578,,,56.93000030517578,,,0,
2025-06-17 13:30:00+00:00,,56.45000076293945,,,56.45000076293945,,,56.45000076293945,,,56.45000076293945,,,0,
2025-06-18 13:30:00+00:00,,56.439998626708984,,,56.439998626708984,,,56.439998626708984,,,56.439998626708984,,,0,
2025-06-20 13:30:00+00:00,,56.310001373291016,,,56.310001373291016,,,56.310001373291016,,,56.310001373291016,,,0,
2025-06-23 13:30:00+00:00,,56.86000061035156,,,56.86000061035156,,,56.86000061035156,,,56.86000061035156,,,0,
2025-06-24 13:30:00+00:00,,56.86000061035156,,,56.86000061035156,,,56.86000061035156,,,56.86000061035156,,,0,
2025-06-25 13:30:00+00:00,,57.4900016784668,,,57.4900016784668,,,57.4900016784668,,,57.4900016784668,,,0,
2025-06-26 13:30:00+00:00,,57.95000076293945,,,57.95000076293945,,,57.95000076293945,,,57.95000076293945,,,0,
2025-06-27 13:30:00+00:00,,58.25,,,58.25,,,58.25,,,58.25,,,0,
2025-06-30 13:30:00+00:00,,58.54999923706055,,,58.54999923706055,,,58.54999923706055,,,58.54999923706055,,,0,
2025-07-01 13:30:00+00:00,,58.5,,,58.5,,,58.5,,,58.5,,,0,
2025-07-02 13:30:00+00:00,,58.779998779296875,,,58.779998779296875,,,58.779998779296875,,,58.779998779296875,,,0,
2025-07-03 13:30:00+00:00,,59.27000045776367,,,59.27000045776367,,,59.27000045776367,,,59.27000045776367,,,0,
2025-07-07 13:30:00+00:00,,58.79999923706055,,,58.79999923706055,,,58.79999923706055,,,58.79999923706055,,,0,
2025-07-08 13:30:00+00:00,,58.7599983215332,,,58.7599983215332,,,58.7599983215332,,,58.7599983215332,,,0,
2025-07-09 13:30:00+00:00,,59.11000061035156,,,59.11000061035156,,,59.11000061035156,,,59.11000061035156,,,0,
2025-07-10 13:30:00+00:00,,59.290000915527344,,,59.290000915527344,,,59.290000915527344,,,59.290000915527344,,,0,
2025-07-11 13:30:00+00:00,,59.09000015258789,,,59.09000015258789,,,59.09000015258789,,,59.09000015258789,,,0,
2025-07-14 13:30:00+00:00,,59.16999816894531,,,59.16999816894531,,,59.16999816894531,,,59.16999816894531,,,0,
2025-07-15 13:30:00+00:00,,58.95000076293945,,,58.95000076293945,,,58.95000076293945,,,58.95000076293945,,,0,
2025-07-16 13:30:00+00:00,,59.130001068115234,,,59.130001068115234,,,59.130001068115234,,,59.130001068115234,,,0,
2025-07-17 13:30:00+00:00,,59.45000076293945,,,59.45000076293945,,,59.45000076293945,,,59.45000076293945,,,0,
2025-07-18 13:30:00+00:00,,59.439998626708984,,,59.439998626708984,,,59.439998626708984,,,59.439998626708984,,,0,
2025-07-21 13:30:00+00:00,,59.529998779296875,,,59.529998779296875,,,59.529998779296875,,,59.529998779296875,,,0,
2025-07-22 13:30:00+00:00,,59.56999969482422,,,59.56999969482422,,,59.56999969482422,,,59.56999969482422,,,0,
2025-07-23 13:30:00+00:00,,60.029998779296875,,,60.029998779296875,,,60.029998779296875,,,60.029998779296875,,,0,
2025-07-24 13:30:00+00:00,,60.06999969482422,,,60.06999969482422,,,60.06999969482422,,,60.06999969482422,,,0,
2025-07-25 13:30:00+00:00,,60.310001373291016,,,60.310001373291016,,,60.310001373291016,,,60.310001373291016,,,0,
2025-07-28 13:30:00+00:00,,60.31999969482422,,,60.31999969482422,,,60.31999969482422,,,60.31999969482422,,,0,
2025-07-29 13:30:00+00:00,,60.13999938964844,,,60.13999938964844,,,60.13999938964844,,,60.13999938964844,,,0,
2025-07-30 13:30:00+00:00,,60.060001373291016,,,60.060001373291016,,,60.060001373291016,,,60.060001373291016,,,0,
2025-07-31 13:30:00+00:00,,59.849998474121094,,,59.849998474121094,,,59.849998474121094,,,59.849998474121094,,,0,
2025-08-01 13:30:00+00:00,,58.88999938964844,,,58.88999938964844,,,58.88999938964844,,,58.88999938964844,,,0,
2025-08-04 13:30:00+00:00,,59.7599983215332,,,59.7599983215332,,,59.7599983215332,,,59.7599983215332,,,0,
2025-08-05 13:30:00+00:00,,59.470001220703125,,,59.470001220703125,,,59.470001220703125,,,59.470001220703125,,,0,
2025-08-06 13:30:00+00:00,,59.900001525878906,,,59.900001525878906,,,59.900001525878906,,,59.900001525878906,,,0,
2025-08-07 13:30:00+00:00,,59.86000061035156,,,59.86000061035156,,,59.86000061035156,,,59.86000061035156,,,0,
2025-08-08 13:30:00+00:00,,60.34000015258789,,,60.34000015258789,,,60.34000015258789,,,60.34000015258789,,,0,
2025-08-11 13:30:00+00:00,,60.189998626708984,,,60.189998626708984,,,60.189998626708984,,,60.189998626708984,,,0,
2025-08-12 13:30:00+00:00,,60.869998931884766,,,60.869998931884766,,,60.869998931884766,,,60.869998931884766,,,0,
2025-08-13 13:30:00+00:00,,61.08000183105469,,,61.08000183105469,,,61.08000183105469,,,61.08000183105469,,,0,
2025-08-14 13:30:00+00:00,,61.099998474121094,,,61.099998474121094,,,61.099998474121094,,,61.099998474121094,,,0,
2025-08-15 13:30:00+00:00,,60.939998626708984,,,60.939998626708984,,,60.939998626708984,,,60.939998626708984,,,0,
2025-08-18 13:30:00+00:00,,60.939998626708984,,,60.939998626708984,,,60.939998626708984,,,60.939998626708984,,,0,
2025-08-19 13:30:00+00:00,,60.59000015258789,,,60.59000015258789,,,60.59000015258789,,,60.59000015258789,,,0,
2025-08-20 13:30:00+00:00,,60.45000076293945,,,60.45000076293945,,,60.45000076293945,,,60.45000076293945,,,0,
2025-08-21 13:30:00+00:00,,60.220001220703125,,,60.220001220703125,,,60.220001220703125,,,60.220001220703125,,,0,
2025-08-22 13:30:00+00:00,,61.13999938964844,,,61.13999938964844,,,61.13999938964844,,,61.13999938964844,,,0,
2025-08-25 13:30:00+00:00,,60.880001068115234,,,60.880001068115234,,,60.880001068115234,,,60.880001068115234,,,0,
2025-08-26 13:30:00+00:00,,61.130001068115234,,,61.130001068115234,,,61.130001068115234,,,61.130001068115234,,,0,
2025-08-27 13:30:00+00:00,,61.279998779296875,,,61.279998779296875,,,61.279998779296875,,,61.279998779296875,,,0,
2025-08-28 13:30:00+00:00,,61.470001220703125,,,61.470001220703125,,,61.470001220703125,,,61.470001220703125,,,0,
2025-08-29 13:30:00+00:00,,61.09000015258789,,,61.09000015258789,,,61.09000015258789,,,61.09000015258789,,,0,
2025-09-02 13:30:00+00:00,,60.68000030517578,,,60.68000030517578,,,60.68000030517578,,,60.68000030517578,,,0,
2025-09-03 13:30:00+00:00,,60.9900016784668,,,60.9900016784668,,,60.9900016784668,,,60.9900016784668,,,0,
2025-09-04 13:30:00+00:00,,61.5,,,61.5,,,61.5,,,61.5,,,0,
2025-09-05 13:30:00+00:00,,61.31999969482422,,,61.31999969482422,,,61.31999969482422,,,61.31999969482422,,,0,
2025-09-08 13:30:00+00:00,,61.45000076293945,,,61.45000076293945,,,61.45000076293945,,,61.45000076293945,,,0,
2025-09-09 13:30:00+00:00,,61.61000061035156,,,61.61000061035156,,,61.61000061035156,,,61.61000061035156,,,0,
2025-09-10 13:30:00+00:00,,61.790000915527344,,,61.790000915527344,,,61.790000915527344,,,61.790000915527344,,,0,
2025-09-11 13:30:00+00:00,,62.31999969482422,,,62.31999969482422,,,62.31999969482422,,,62.31999969482422,,,0,
2025-09-12 13:30:00+00:00,,62.290000915527344,,,62.290000915527344,,,62.290000915527344,,,62.290000915527344,,,0,
2025-09-15 13:30:00+00:00,,62.599998474121094,,,62.599998474121094,,,62.599998474121094,,,62.599998474121094,,,0,
2025-09-16 13:30:00+00:00,,62.52000045776367,,,62.52000045776367,,,62.52000045776367,,,62.52000045776367,,,0,
2025-09-17 13:30:00+00:00,,62.459999084472656,,,62.459999084472656,,,62.459999084472656,,,62.459999084472656,,,0,
2025-09-18 13:30:00+00:00,,62.75,,,62.75,,,62.75,,,62.75,,,0,
2025-09-19 13:30:00+00:00,,63.060001373291016,,,63.060001373291016,,,63.060001373291016,,,63.060001373291016,,,0,
2025-09-22 13:30:00+00:00,,63.349998474121094,,,63.349998474121094,,,63.349998474121094,,,63.349998474121094,,,0,
2025-09-23 13:30:00+00:00,,63.0,,,63.0,,,63.0,,,63.0,,,0,
2025-09-24 13:30:00+00:00,,62.83000183105469,,,62.83000183105469,,,62.83000183105469,,,62.83000183105469,,,0,
2025-09-25 13:30:00+00:00,,62.52000045776367,,,62.52000045776367,,,62.52000045776367,,,62.52000045776367,,,0,
2025-09-26 13:30:00+00:00,,62.880001068115234,,,62.880001068115234,,,62.880001068115234,,,62.880001068115234,,,0,
2025-09-29 13:30:00+00:00,,63.02000045776367,,,63.02000045776367,,,63.02000045776367,,,63.02000045776367,,,0,
2025-09-30 13:30:00+00:00,,63.279998779296875,,,63.279998779296875,,,63.279998779296875,,,63.279998779296875,,,0,
2025-10-01 13:30:00+00:00,,63.5,,,63.5,,,63.5,,,63.5,,,0,
2025-10-02 13:30:00+00:00,,63.540000915527344,,,63.540000915527344,,,63.540000915527344,,,63.540000915527344,,,0,
2025-10-03 13:30:00+00:00,,63.560001373291016,,,63.560001373291016,,,63.560001373291016,,,63.560001373291016,,,0,
2025-10-06 13:30:00+00:00,,63.81999969482422,,,63.81999969482422,,,63.81999969482422,,,63.81999969482422,,,0,
2025-10-07 13:30:00+00:00,,63.560001373291016,,,63.560001373291016,,,63.560001373291016,,,63.560001373291016,,,0,
2025-10-08 13:30:00+00:00,,63.91999816894531,,,63.91999816894531,,,63.91999816894531,,,63.91999816894531,,,0,
2025-10-09 13:30:00+00:00,,63.75,,,63.75,,,63.75,,,63.75,,,0,
2025-10-10 13:30:00+00:00,,62.04999923706055,,,62.04999923706055,,,62.04999923706055,,,62.04999923706055,,,0,
2025-10-13 13:30:00+00:00,,63.0099983215332,,,63.0099983215332,,,63.0099983215332,,,63.0099983215332,,,0,
2025-10-14 13:30:00+00:00,,62.91999816894531,,,62.91999816894531,,,62.91999816894531,,,62.91999816894531,,,0,
2025-10-15 13:30:00+00:00,,63.16999816894531,,,63.16999816894531,,,63.16999816894531,,,63.16999816894531,,,0,
2025-10-16 13:30:00+00:00,,62.77000045776367,,,62.77000045776367,,,62.77000045776367,,,62.77000045776367,,,0,
