datetime,open,high,low,close,volume
2025-10-06 22:00:00+00:00,1001.1,1001.1,991.84,993.9,445
2025-10-06 22:15:00+00:00,993.79,997.9,989.23,997.23,439
2025-10-06 22:30:00+00:00,997.29,1011.54,996.89,1010.96,449
2025-10-06 22:45:00+00:00,1010.86,1013.14,1006.33,1006.78,444
2025-10-06 23:00:00+00:00,1006.83,1008.03,1001.41,1005.51,437
2025-10-06 23:15:00+00:00,1005.18,1009.09,1000.6,1004.18,437
2025-10-06 23:30:00+00:00,1003.86,1011.68,1000.38,1009.67,445
2025-10-06 23:45:00+00:00,1009.81,1016.22,1008.36,1015.8,444
2025-10-07 00:00:00+00:00,1015.99,1020.79,1014.09,1020.0,444
2025-10-07 00:15:00+00:00,1019.53,1020.59,1014.17,1018.09,442
2025-10-07 00:30:00+00:00,1018.4,1034.21,1017.32,1032.04,440
2025-10-07 00:45:00+00:00,1032.2,1033.19,1024.77,1027.61,446
2025-10-07 01:00:00+00:00,1027.94,1032.32,1027.45,1029.56,443
2025-10-07 01:15:00+00:00,1029.9,1031.94,1022.74,1025.34,441
2025-10-07 01:30:00+00:00,1025.06,1033.17,1024.66,1031.38,445
2025-10-07 01:45:00+00:00,1031.24,1031.25,1024.68,1026.01,441
2025-10-07 02:00:00+00:00,1026.21,1036.13,1025.25,1034.68,448
2025-10-07 02:15:00+00:00,1034.83,1037.28,1026.9,1029.44,442
2025-10-07 02:30:00+00:00,1029.84,1030.88,1025.57,1027.72,449
2025-10-07 02:45:00+00:00,1027.76,1028.47,1017.41,1019.98,440
2025-10-07 03:00:00+00:00,1020.2,1026.38,1019.3,1026.38,437
2025-10-07 03:15:00+00:00,1026.4,1028.08,1019.64,1023.21,446
2025-10-07 03:30:00+00:00,1023.09,1026.79,1022.01,1024.84,444
2025-10-07 03:45:00+00:00,1025.0,1025.45,1015.71,1020.73,444
2025-10-07 04:00:00+00:00,1021.1,1024.21,1016.08,1016.08,443
2025-10-07 04:15:00+00:00,1015.85,1016.71,1008.42,1009.13,445
2025-10-07 04:30:00+00:00,1009.4,1010.53,1004.03,1004.85,440
2025-10-07 04:45:00+00:00,1004.37,1007.89,1000.19,1005.16,446
2025-10-07 05:00:00+00:00,1005.12,1011.22,1002.15,1010.23,442
2025-10-07 05:15:00+00:00,1010.71,1010.9,999.9,1003.17,442
2025-10-07 05:30:00+00:00,1003.18,1005.17,997.75,1000.31,442
2025-10-07 05:45:00+00:00,1000.16,1005.21,998.1,998.1,446
2025-10-07 06:00:00+00:00,998.04,1001.58,985.33,986.97,445
2025-10-07 06:15:00+00:00,986.59,997.78,986.19,997.14,443
2025-10-07 06:30:00+00:00,997.16,997.69,983.95,987.74,442
2025-10-07 06:45:00+00:00,987.7,988.07,975.1,975.33,440
2025-10-07 07:00:00+00:00,975.6,977.99,970.44,970.44,441
2025-10-07 07:15:00+00:00,970.41,977.8,970.28,976.33,446
2025-10-07 07:30:00+00:00,976.18,980.55,973.25,973.35,442
2025-10-07 07:45:00+00:00,973.22,973.81,964.83,964.98,436
2025-10-07 08:00:00+00:00,964.86,971.92,963.73,971.92,443
2025-10-07 08:15:00+00:00,971.74,974.55,968.8,969.36,443
2025-10-07 08:30:00+00:00,969.35,970.79,964.44,969.41,443
2025-10-07 08:45:00+00:00,969.6,970.41,962.25,966.75,443
2025-10-07 09:00:00+00:00,967.06,971.5,962.84,963.99,447
2025-10-07 09:15:00+00:00,964.12,968.49,956.34,956.34,444
2025-10-07 09:30:00+00:00,956.39,960.22,954.3,959.76,441
2025-10-07 09:45:00+00:00,960.0,962.52,955.9,959.32,441
2025-10-07 10:00:00+00:00,959.21,960.7,952.88,955.89,442
2025-10-07 10:15:00+00:00,955.52,962.74,954.39,962.51,443
2025-10-07 10:30:00+00:00,962.78,967.92,959.6,965.79,442
2025-10-07 10:45:00+00:00,965.52,966.68,959.92,960.8,443
2025-10-07 11:00:00+00:00,960.65,966.77,959.92,963.85,443
2025-10-07 11:15:00+00:00,963.45,968.84,962.32,968.84,446
2025-10-07 11:30:00+00:00,969.16,969.49,959.77,963.54,441
2025-10-07 11:45:00+00:00,963.45,972.61,963.25,972.44,444
2025-10-07 12:00:00+00:00,972.63,977.92,970.14,975.59,444
2025-10-07 12:15:00+00:00,975.24,979.8,973.1,973.54,446
2025-10-07 12:30:00+00:00,973.81,973.99,967.98,967.98,440
2025-10-07 12:45:00+00:00,968.43,969.15,955.6,959.16,437
2025-10-07 13:00:00+00:00,959.38,964.25,955.31,963.54,445
2025-10-07 13:15:00+00:00,963.39,966.55,960.96,963.52,442
2025-10-07 13:30:00+00:00,963.75,965.62,956.88,958.09,445
2025-10-07 13:45:00+00:00,957.9,961.04,955.66,960.44,447
2025-10-07 14:00:00+00:00,960.67,967.16,957.59,962.76,445
2025-10-07 14:15:00+00:00,962.83,965.69,961.28,963.77,442
2025-10-07 14:30:00+00:00,963.64,977.28,963.43,976.16,448
2025-10-07 14:45:00+00:00,976.0,976.52,969.49,976.05,442
2025-10-07 15:00:00+00:00,976.37,980.44,973.75,978.9,439
2025-10-07 15:15:00+00:00,978.89,988.63,977.15,984.53,440
2025-10-07 15:30:00+00:00,983.83,983.83,977.97,981.72,440
2025-10-07 15:45:00+00:00,981.74,982.44,976.67,977.66,443
2025-10-07 16:00:00+00:00,977.65,978.4,967.17,968.61,446
2025-10-07 16:15:00+00:00,968.49,968.87,959.37,963.46,439
2025-10-07 16:30:00+00:00,963.28,963.55,954.51,954.51,442
2025-10-07 16:45:00+00:00,954.49,962.54,953.14,957.91,445
2025-10-07 17:00:00+00:00,957.85,963.83,954.66,962.29,443
2025-10-07 17:15:00+00:00,962.51,965.08,956.63,961.3,443
2025-10-07 17:30:00+00:00,961.43,964.29,958.56,958.56,441
2025-10-07 17:45:00+00:00,958.83,966.69,956.54,963.01,446
2025-10-07 18:00:00+00:00,962.79,964.96,956.55,958.6,445
2025-10-07 18:15:00+00:00,958.27,969.47,957.06,968.04,442
2025-10-07 18:30:00+00:00,967.88,971.62,965.83,968.43,444
2025-10-07 18:45:00+00:00,968.6,975.47,968.41,974.64,441
2025-10-07 19:00:00+00:00,974.96,978.3,974.76,976.58,446
2025-10-07 19:15:00+00:00,976.44,977.84,970.57,975.39,443
2025-10-07 19:30:00+00:00,975.32,979.54,969.71,970.95,447
2025-10-07 19:45:00+00:00,971.03,974.53,968.79,968.8,445
2025-10-07 20:00:00+00:00,968.73,971.49,962.79,963.48,441
2025-10-07 20:15:00+00:00,963.63,965.82,957.15,958.9,437
2025-10-07 20:30:00+00:00,958.54,962.54,953.96,961.92,442
2025-10-07 20:45:00+00:00,961.78,971.15,959.26,967.7,444
2025-10-07 21:00:00+00:00,967.93,979.84,967.34,979.63,446
2025-10-07 21:15:00+00:00,979.5,987.23,978.24,986.12,449
2025-10-07 21:30:00+00:00,986.05,990.37,984.27,986.76,444
2025-10-07 21:45:00+00:00,986.94,992.47,985.53,989.21,443
2025-10-07 22:00:00+00:00,989.22,993.75,984.27,986.63,444
2025-10-07 22:15:00+00:00,986.48,988.88,984.54,986.42,442
2025-10-07 22:30:00+00:00,986.59,988.09,981.87,985.01,445
2025-10-07 22:45:00+00:00,985.26,993.0,984.51,990.68,439
2025-10-07 23:00:00+00:00,990.91,994.39,988.63,991.84,444
2025-10-07 23:15:00+00:00,991.75,1003.37,991.21,999.41,447
2025-10-07 23:30:00+00:00,999.08,1005.18,998.62,1004.36,439
2025-10-07 23:45:00+00:00,1005.18,1007.26,999.89,1000.37,446
2025-10-08 00:00:00+00:00,1000.62,1018.35,999.85,1018.35,444
2025-10-08 00:15:00+00:00,1017.95,1019.66,1014.57,1017.15,439
2025-10-08 00:30:00+00:00,1017.14,1022.84,1012.08,1022.84,441
2025-10-08 00:45:00+00:00,1022.8,1025.11,1015.7,1016.17,441
2025-10-08 01:00:00+00:00,1016.19,1020.62,1015.4,1020.09,443
2025-10-08 01:15:00+00:00,1020.01,1023.75,1014.75,1021.15,443
2025-10-08 01:30:00+00:00,1021.28,1029.97,1021.15,1026.13,444
2025-10-08 01:45:00+00:00,1026.09,1026.99,1018.82,1023.67,442
2025-10-08 02:00:00+00:00,1023.3,1024.38,1017.6,1022.02,445
2025-10-08 02:15:00+00:00,1021.96,1033.28,1021.96,1029.65,443
2025-10-08 02:30:00+00:00,1028.87,1030.01,1022.3,1025.64,440
2025-10-08 02:45:00+00:00,1025.39,1025.39,1013.37,1021.08,441
2025-10-08 03:00:00+00:00,1021.15,1032.69,1021.15,1031.68,443
2025-10-08 03:15:00+00:00,1031.86,1036.67,1028.08,1031.32,441
2025-10-08 03:30:00+00:00,1031.14,1032.03,1025.9,1026.83,444
2025-10-08 03:45:00+00:00,1027.28,1032.46,1025.8,1032.32,444
2025-10-08 04:00:00+00:00,1032.77,1041.66,1032.02,1041.63,441
2025-10-08 04:15:00+00:00,1042.16,1042.64,1035.18,1042.64,445
2025-10-08 04:30:00+00:00,1042.85,1051.04,1040.49,1049.84,444
2025-10-08 04:45:00+00:00,1049.83,1058.48,1049.41,1052.59,447
2025-10-08 05:00:00+00:00,1052.68,1054.13,1048.44,1050.77,444
2025-10-08 05:15:00+00:00,1050.67,1057.72,1050.67,1055.54,443
2025-10-08 05:30:00+00:00,1054.98,1070.02,1054.79,1068.91,444
2025-10-08 05:45:00+00:00,1068.95,1076.99,1067.71,1072.82,440
2025-10-08 06:00:00+00:00,1072.71,1076.67,1069.43,1074.35,441
2025-10-08 06:15:00+00:00,1074.82,1079.01,1072.74,1075.72,442
2025-10-08 06:30:00+00:00,1075.68,1075.96,1065.37,1067.65,443
2025-10-08 06:45:00+00:00,1067.46,1068.26,1059.24,1059.96,443
2025-10-08 07:00:00+00:00,1060.37,1062.43,1051.4,1051.91,446
2025-10-08 07:15:00+00:00,1051.92,1060.76,1051.37,1058.64,446
2025-10-08 07:30:00+00:00,1059.03,1062.31,1052.95,1061.76,443
2025-10-08 07:45:00+00:00,1061.57,1069.91,1058.6,1064.65,444
2025-10-08 08:00:00+00:00,1064.86,1067.74,1060.45,1060.87,441
2025-10-08 08:15:00+00:00,1060.75,1064.87,1058.05,1058.31,444
2025-10-08 08:30:00+00:00,1058.3,1058.8,1050.15,1052.3,444
2025-10-08 08:45:00+00:00,1051.98,1058.6,1051.62,1056.87,445
2025-10-08 09:00:00+00:00,1056.87,1061.23,1056.0,1059.59,443
2025-10-08 09:15:00+00:00,1059.15,1064.35,1053.0,1055.24,443
2025-10-08 09:30:00+00:00,1055.41,1063.27,1055.31,1062.68,446
2025-10-08 09:45:00+00:00,1062.56,1066.79,1061.34,1064.97,446
2025-10-08 10:00:00+00:00,1064.8,1067.09,1060.79,1067.09,444
2025-10-08 10:15:00+00:00,1067.35,1072.34,1063.59,1067.25,446
2025-10-08 10:30:00+00:00,1066.95,1082.36,1065.42,1082.35,443
2025-10-08 10:45:00+00:00,1082.33,1085.8,1078.03,1078.64,448
2025-10-08 11:00:00+00:00,1078.73,1082.26,1075.17,1082.26,441
2025-10-08 11:15:00+00:00,1082.19,1085.33,1077.76,1079.34,444
2025-10-08 11:30:00+00:00,1079.17,1094.44,1078.13,1092.48,441
2025-10-08 11:45:00+00:00,1092.3,1095.76,1088.2,1092.92,444
2025-10-08 12:00:00+00:00,1093.2,1097.05,1089.07,1091.65,442
2025-10-08 12:15:00+00:00,1092.16,1099.2,1090.51,1099.06,441
2025-10-08 12:30:00+00:00,1098.52,1103.07,1097.77,1097.83,443
2025-10-08 12:45:00+00:00,1097.8,1105.83,1096.55,1105.83,448
2025-10-08 13:00:00+00:00,1105.95,1112.55,1104.94,1108.84,444
2025-10-08 13:15:00+00:00,1108.46,1117.33,1107.86,1114.91,442
2025-10-08 13:30:00+00:00,1114.43,1124.58,1114.42,1119.43,442
2025-10-08 13:45:00+00:00,1120.11,1125.2,1118.79,1124.79,446
2025-10-08 14:00:00+00:00,1124.94,1125.04,1113.46,1114.95,443
2025-10-08 14:15:00+00:00,1115.16,1124.61,1115.16,1122.83,445
2025-10-08 14:30:00+00:00,1123.05,1129.97,1121.84,1125.01,446
2025-10-08 14:45:00+00:00,1125.1,1131.02,1124.66,1126.17,444
2025-10-08 15:00:00+00:00,1126.68,1129.14,1121.08,1125.59,440
2025-10-08 15:15:00+00:00,1126.09,1131.33,1123.53,1129.32,448
2025-10-08 15:30:00+00:00,1129.2,1130.3,1124.42,1125.07,444
2025-10-08 15:45:00+00:00,1125.25,1129.16,1122.07,1124.12,444
2025-10-08 16:00:00+00:00,1124.38,1133.58,1118.77,1132.73,447
2025-10-08 16:15:00+00:00,1132.69,1136.87,1131.06,1132.28,447
2025-10-08 16:30:00+00:00,1132.05,1133.18,1119.75,1120.76,446
2025-10-08 16:45:00+00:00,1120.96,1123.32,1113.59,1114.47,443
2025-10-08 17:00:00+00:00,1114.28,1118.34,1108.68,1109.32,444
2025-10-08 17:15:00+00:00,1109.37,1110.23,1094.68,1097.49,447
2025-10-08 17:30:00+00:00,1097.38,1106.46,1095.89,1102.56,446
2025-10-08 17:45:00+00:00,1102.36,1109.5,1101.63,1105.52,444
2025-10-08 18:00:00+00:00,1105.74,1107.69,1102.87,1106.68,447
2025-10-08 18:15:00+00:00,1106.43,1111.51,1102.17,1108.83,446
2025-10-08 18:30:00+00:00,1108.93,1115.17,1105.56,1115.17,447
2025-10-08 18:45:00+00:00,1115.92,1119.25,1114.43,1116.23,445
2025-10-08 19:00:00+00:00,1116.23,1117.04,1107.24,1110.57,444
2025-10-08 19:15:00+00:00,1111.19,1114.87,1109.66,1113.47,444
2025-10-08 19:30:00+00:00,1113.38,1120.22,1109.33,1109.33,445
2025-10-08 19:45:00+00:00,1109.27,1113.69,1104.27,1109.45,443
2025-10-08 20:00:00+00:00,1109.04,1111.08,1104.57,1105.45,444
2025-10-08 20:15:00+00:00,1104.89,1108.66,1101.72,1106.02,441
2025-10-08 20:30:00+00:00,1106.12,1106.95,1098.2,1104.21,447
2025-10-08 20:45:00+00:00,1103.89,1104.46,1093.29,1093.42,445
2025-10-08 21:00:00+00:00,1093.52,1100.12,1093.34,1097.81,439
2025-10-08 21:15:00+00:00,1097.55,1107.0,1096.25,1105.73,441
2025-10-08 21:30:00+00:00,1106.1,1111.35,1103.65,1105.65,446
2025-10-08 21:45:00+00:00,1105.99,1116.5,1105.6,1114.22,449
2025-10-08 22:00:00+00:00,1113.71,1123.01,1113.51,1122.23,442
2025-10-08 22:15:00+00:00,1122.24,1124.44,1116.74,1123.49,441
2025-10-08 22:30:00+00:00,1123.8,1129.52,1118.9,1125.68,446
2025-10-08 22:45:00+00:00,1125.79,1136.84,1123.48,1136.84,444
2025-10-08 23:00:00+00:00,1137.13,1137.41,1125.08,1127.45,441
2025-10-08 23:15:00+00:00,1127.72,1128.22,1113.63,1120.29,443
2025-10-08 23:30:00+00:00,1120.53,1125.26,1117.68,1118.69,443
2025-10-08 23:45:00+00:00,1118.66,1126.14,1115.18,1124.25,441
2025-10-09 00:00:00+00:00,1124.57,1132.71,1122.75,1130.07,442
2025-10-09 00:15:00+00:00,1130.08,1132.15,1125.02,1130.06,447
2025-10-09 00:30:00+00:00,1130.28,1133.92,1120.12,1122.87,444
2025-10-09 00:45:00+00:00,1123.27,1123.27,1116.92,1121.54,445
2025-10-09 01:00:00+00:00,1121.27,1123.45,1115.88,1120.16,442
2025-10-09 01:15:00+00:00,1120.27,1122.54,1115.34,1118.23,447
2025-10-09 01:30:00+00:00,1117.79,1119.54,1114.13,1119.42,448
2025-10-09 01:45:00+00:00,1119.53,1126.44,1118.34,1121.8,444
2025-10-09 02:00:00+00:00,1121.99,1121.99,1113.42,1114.46,445
2025-10-09 02:15:00+00:00,1114.58,1118.58,1106.78,1107.37,447
2025-10-09 02:30:00+00:00,1107.68,1112.9,1105.55,1112.19,446
2025-10-09 02:45:00+00:00,1112.19,1116.99,1110.19,1111.46,446
2025-10-09 03:00:00+00:00,1111.09,1116.59,1108.65,1116.18,447
2025-10-09 03:15:00+00:00,1115.54,1120.45,1111.44,1119.26,443
2025-10-09 03:30:00+00:00,1119.1,1122.24,1115.65,1117.57,442
2025-10-09 03:45:00+00:00,1118.17,1128.21,1113.82,1127.35,446
2025-10-09 04:00:00+00:00,1127.71,1128.95,1111.8,1114.71,440
2025-10-09 04:15:00+00:00,1114.58,1121.14,1113.3,1116.08,443
2025-10-09 04:30:00+00:00,1116.16,1118.51,1109.67,1109.73,442
2025-10-09 04:45:00+00:00,1109.59,1115.83,1107.21,1114.81,443
2025-10-09 05:00:00+00:00,1115.16,1118.18,1109.73,1112.52,442
2025-10-09 05:15:00+00:00,1112.63,1120.63,1111.35,1118.61,439
2025-10-09 05:30:00+00:00,1118.31,1121.17,1114.27,1120.42,441
2025-10-09 05:45:00+00:00,1120.67,1124.58,1115.35,1119.2,445
2025-10-09 06:00:00+00:00,1118.75,1129.0,1117.22,1123.36,442
2025-10-09 06:15:00+00:00,1123.29,1123.32,1111.34,1111.34,446
2025-10-09 06:30:00+00:00,1111.57,1114.06,1103.82,1106.8,445
2025-10-09 06:45:00+00:00,1107.39,1109.38,1102.43,1104.83,444
2025-10-09 07:00:00+00:00,1105.18,1107.59,1101.53,1105.26,440
2025-10-09 07:15:00+00:00,1105.09,1107.25,1094.16,1100.84,440
2025-10-09 07:30:00+00:00,1100.84,1110.43,1100.75,1105.97,445
2025-10-09 07:45:00+00:00,1105.71,1110.07,1102.25,1106.72,447
2025-10-09 08:00:00+00:00,1106.9,1112.24,1102.38,1107.51,446
2025-10-09 08:15:00+00:00,1107.57,1107.64,1098.49,1103.26,441
2025-10-09 08:30:00+00:00,1103.56,1108.15,1100.26,1108.15,444
2025-10-09 08:45:00+00:00,1108.59,1117.05,1107.74,1115.48,444
2025-10-09 09:00:00+00:00,1115.68,1126.59,1113.27,1125.36,445
2025-10-09 09:15:00+00:00,1125.2,1128.49,1121.87,1126.19,446
2025-10-09 09:30:00+00:00,1126.62,1127.48,1116.87,1122.28,442
2025-10-09 09:45:00+00:00,1122.85,1123.78,1114.87,1123.42,441
2025-10-09 10:00:00+00:00,1123.34,1125.42,1118.43,1121.54,444
2025-10-09 10:15:00+00:00,1121.66,1129.68,1120.35,1129.46,437
2025-10-09 10:30:00+00:00,1129.67,1138.91,1128.36,1135.78,443
2025-10-09 10:45:00+00:00,1135.79,1136.85,1128.44,1136.85,444
2025-10-09 11:00:00+00:00,1136.32,1140.24,1133.53,1133.75,447
2025-10-09 11:15:00+00:00,1133.77,1139.22,1129.59,1138.57,444
2025-10-09 11:30:00+00:00,1138.65,1144.77,1137.3,1139.1,443
2025-10-09 11:45:00+00:00,1138.88,1139.75,1131.71,1132.35,448
2025-10-09 12:00:00+00:00,1131.76,1142.63,1130.41,1140.15,445
2025-10-09 12:15:00+00:00,1140.23,1141.6,1134.35,1136.38,442
2025-10-09 12:30:00+00:00,1136.28,1144.25,1135.19,1143.43,446
2025-10-09 12:45:00+00:00,1143.52,1144.68,1130.42,1133.98,447
2025-10-09 13:00:00+00:00,1133.66,1136.92,1122.05,1122.55,447
2025-10-09 13:15:00+00:00,1122.14,1131.77,1121.4,1127.67,442
2025-10-09 13:30:00+00:00,1127.48,1132.32,1126.27,1127.88,445
2025-10-09 13:45:00+00:00,1128.22,1128.5,1117.54,1119.13,445
2025-10-09 14:00:00+00:00,1119.48,1122.05,1112.91,1115.23,445
2025-10-09 14:15:00+00:00,1115.52,1121.6,1115.12,1119.2,443
2025-10-09 14:30:00+00:00,1119.52,1125.2,1116.28,1123.15,447
2025-10-09 14:45:00+00:00,1123.15,1131.31,1121.06,1130.32,445
2025-10-09 15:00:00+00:00,1129.98,1131.04,1120.03,1120.93,445
2025-10-09 15:15:00+00:00,1121.17,1121.84,1115.36,1117.54,446
2025-10-09 15:30:00+00:00,1117.95,1126.23,1116.25,1124.52,442
2025-10-09 15:45:00+00:00,1124.25,1127.92,1114.76,1120.45,437
2025-10-09 16:00:00+00:00,1120.8,1126.89,1119.56,1120.4,442
2025-10-09 16:15:00+00:00,1120.05,1128.16,1114.8,1114.8,448
2025-10-09 16:30:00+00:00,1114.56,1116.53,1110.09,1111.45,442
2025-10-09 16:45:00+00:00,1111.07,1112.81,1105.95,1110.48,441
2025-10-09 17:00:00+00:00,1110.16,1110.42,1097.63,1097.8,446
2025-10-09 17:15:00+00:00,1097.38,1102.74,1096.59,1101.83,441
2025-10-09 17:30:00+00:00,1101.67,1108.65,1100.83,1103.08,445
2025-10-09 17:45:00+00:00,1102.85,1104.78,1092.3,1093.11,444
2025-10-09 18:00:00+00:00,1092.96,1102.18,1091.87,1100.7,446
2025-10-09 18:15:00+00:00,1100.51,1103.75,1096.12,1098.02,441
2025-10-09 18:30:00+00:00,1098.28,1099.32,1090.94,1093.38,442
2025-10-09 18:45:00+00:00,1093.58,1097.95,1090.53,1096.27,441
2025-10-09 19:00:00+00:00,1096.72,1098.2,1088.46,1088.46,440
2025-10-09 19:15:00+00:00,1088.59,1092.42,1086.17,1089.43,443
2025-10-09 19:30:00+00:00,1089.68,1091.23,1080.32,1081.1,447
2025-10-09 19:45:00+00:00,1081.03,1089.81,1080.53,1085.83,441
2025-10-09 20:00:00+00:00,1085.95,1091.48,1077.67,1078.45,448
2025-10-09 20:15:00+00:00,1078.58,1078.69,1069.88,1075.66,445
2025-10-09 20:30:00+00:00,1075.81,1083.45,1073.48,1079.44,446
2025-10-09 20:45:00+00:00,1079.35,1079.46,1073.67,1075.36,446
2025-10-09 21:00:00+00:00,1075.66,1078.04,1070.83,1074.04,443
2025-10-09 21:15:00+00:00,1074.21,1075.55,1067.84,1068.41,447
2025-10-09 21:30:00+00:00,1068.16,1072.7,1063.94,1070.41,447
2025-10-09 21:45:00+00:00,1070.37,1074.61,1067.6,1067.93,440
2025-10-09 22:00:00+00:00,1067.59,1071.71,1064.3,1070.64,446
2025-10-09 22:15:00+00:00,1071.15,1078.85,1070.89,1076.96,444
2025-10-09 22:30:00+00:00,1076.76,1081.14,1073.47,1080.78,443
2025-10-09 22:45:00+00:00,1081.29,1085.61,1079.2,1080.24,445
2025-10-09 23:00:00+00:00,1080.41,1089.74,1080.29,1086.37,444
2025-10-09 23:15:00+00:00,1086.68,1093.49,1085.67,1086.32,444
2025-10-09 23:30:00+00:00,1086.36,1089.35,1083.79,1086.67,445
2025-10-09 23:45:00+00:00,1086.77,1088.69,1081.41,1088.09,445
2025-10-10 00:00:00+00:00,1088.33,1098.29,1087.57,1093.87,440
2025-10-10 00:15:00+00:00,1093.93,1094.7,1083.68,1093.09,446
2025-10-10 00:30:00+00:00,1093.19,1101.46,1091.57,1101.33,444
2025-10-10 00:45:00+00:00,1101.5,1106.04,1099.94,1105.54,438
2025-10-10 01:00:00+00:00,1105.63,1105.63,1099.78,1099.92,444
2025-10-10 01:15:00+00:00,1100.19,1100.51,1091.57,1092.21,442
2025-10-10 01:30:00+00:00,1092.71,1097.09,1089.36,1093.03,444
2025-10-10 01:45:00+00:00,1092.53,1094.21,1089.05,1089.19,446
2025-10-10 02:00:00+00:00,1088.74,1091.55,1085.95,1090.28,447
2025-10-10 02:15:00+00:00,1090.58,1095.83,1088.88,1089.07,442
2025-10-10 02:30:00+00:00,1089.04,1095.04,1081.37,1082.03,446
2025-10-10 02:45:00+00:00,1081.7,1084.56,1078.9,1079.37,444
2025-10-10 03:00:00+00:00,1079.39,1085.49,1078.17,1081.49,442
2025-10-10 03:15:00+00:00,1081.79,1084.48,1077.45,1077.99,447
2025-10-10 03:30:00+00:00,1078.18,1078.53,1070.89,1077.36,443
2025-10-10 03:45:00+00:00,1077.12,1084.87,1076.87,1084.87,443
2025-10-10 04:00:00+00:00,1084.37,1087.3,1073.48,1076.77,440
2025-10-10 04:15:00+00:00,1076.97,1080.15,1070.73,1070.73,442
2025-10-10 04:30:00+00:00,1070.66,1072.75,1063.46,1064.36,442
2025-10-10 04:45:00+00:00,1063.95,1066.02,1059.29,1063.27,444
2025-10-10 05:00:00+00:00,1062.93,1064.81,1059.85,1061.14,442
2025-10-10 05:15:00+00:00,1060.99,1061.74,1051.15,1052.23,447
2025-10-10 05:30:00+00:00,1052.54,1058.33,1052.46,1054.66,442
2025-10-10 05:45:00+00:00,1054.56,1057.88,1052.16,1056.97,443
2025-10-10 06:00:00+00:00,1056.63,1058.61,1049.49,1049.62,442
2025-10-10 06:15:00+00:00,1049.45,1051.82,1044.84,1051.39,443
2025-10-10 06:30:00+00:00,1051.09,1054.31,1046.73,1052.7,441
2025-10-10 06:45:00+00:00,1052.41,1053.34,1045.31,1050.39,443
2025-10-10 07:00:00+00:00,1050.59,1058.68,1049.25,1056.63,443
2025-10-10 07:15:00+00:00,1056.81,1063.01,1056.24,1062.08,445
2025-10-10 07:30:00+00:00,1062.38,1063.09,1054.39,1058.69,447
2025-10-10 07:45:00+00:00,1058.7,1061.8,1054.28,1057.28,444
2025-10-10 08:00:00+00:00,1057.33,1070.2,1057.33,1065.4,447
2025-10-10 08:15:00+00:00,1065.19,1066.49,1059.74,1061.1,440
2025-10-10 08:30:00+00:00,1060.9,1062.3,1051.6,1052.81,443
2025-10-10 08:45:00+00:00,1052.85,1055.3,1049.03,1055.13,443
2025-10-10 09:00:00+00:00,1055.16,1062.92,1052.05,1062.5,444
2025-10-10 09:15:00+00:00,1062.3,1066.55,1059.78,1063.87,447
2025-10-10 09:30:00+00:00,1063.69,1065.88,1059.78,1061.48,444
2025-10-10 09:45:00+00:00,1061.39,1078.91,1061.01,1078.77,440
2025-10-10 10:00:00+00:00,1078.39,1083.74,1077.36,1082.67,441
2025-10-10 10:15:00+00:00,1083.02,1085.05,1077.95,1081.3,447
2025-10-10 10:30:00+00:00,1081.27,1084.87,1077.69,1083.08,444
2025-10-10 10:45:00+00:00,1082.8,1083.25,1076.82,1079.16,444
2025-10-10 11:00:00+00:00,1079.44,1087.36,1079.44,1083.21,444
2025-10-10 11:15:00+00:00,1083.2,1091.92,1081.98,1086.43,447
2025-10-10 11:30:00+00:00,1086.42,1086.42,1079.48,1081.46,446
2025-10-10 11:45:00+00:00,1081.47,1081.92,1066.39,1066.6,446
2025-10-10 12:00:00+00:00,1065.93,1074.05,1065.93,1071.14,443
2025-10-10 12:15:00+00:00,1071.34,1078.54,1069.98,1075.12,445
2025-10-10 12:30:00+00:00,1075.4,1080.05,1074.72,1079.87,446
2025-10-10 12:45:00+00:00,1080.06,1083.21,1075.61,1076.61,448
2025-10-10 13:00:00+00:00,1077.12,1083.75,1075.54,1076.94,446
2025-10-10 13:15:00+00:00,1076.59,1080.08,1073.43,1078.71,442
2025-10-10 13:30:00+00:00,1078.48,1081.43,1074.89,1080.43,443
2025-10-10 13:45:00+00:00,1080.45,1082.31,1073.12,1073.59,442
2025-10-10 14:00:00+00:00,1073.68,1075.27,1063.64,1068.42,447
2025-10-10 14:15:00+00:00,1068.38,1072.93,1067.58,1071.64,444
2025-10-10 14:30:00+00:00,1071.55,1074.75,1066.67,1073.48,441
2025-10-10 14:45:00+00:00,1073.46,1075.44,1067.03,1072.53,447
2025-10-10 15:00:00+00:00,1072.37,1074.9,1069.58,1071.26,444
2025-10-10 15:15:00+00:00,1071.34,1075.21,1066.75,1070.7,442
2025-10-10 15:30:00+00:00,1071.4,1072.84,1067.62,1071.34,445
2025-10-10 15:45:00+00:00,1071.35,1076.92,1070.6,1076.14,445
2025-10-10 16:00:00+00:00,1075.48,1079.79,1072.68,1078.96,442
2025-10-10 16:15:00+00:00,1079.04,1084.84,1078.65,1078.9,440
2025-10-10 16:30:00+00:00,1079.39,1083.39,1079.01,1081.0,444
2025-10-10 16:45:00+00:00,1081.14,1081.24,1069.48,1072.46,445
2025-10-10 17:00:00+00:00,1072.7,1076.8,1071.45,1073.52,444
2025-10-10 17:15:00+00:00,1073.5,1083.88,1071.48,1083.26,442
2025-10-10 17:30:00+00:00,1083.14,1085.01,1074.94,1076.55,443
2025-10-10 17:45:00+00:00,1076.37,1076.43,1067.51,1070.21,442
2025-10-10 18:00:00+00:00,1069.98,1071.72,1065.96,1071.06,444
2025-10-10 18:15:00+00:00,1070.88,1076.28,1067.54,1069.31,443
2025-10-10 18:30:00+00:00,1069.32,1069.51,1060.33,1063.29,442
2025-10-10 18:45:00+00:00,1063.41,1073.73,1063.12,1072.34,444
2025-10-10 19:00:00+00:00,1072.23,1076.73,1066.57,1076.33,441
2025-10-10 19:15:00+00:00,1075.91,1076.12,1069.48,1071.07,438
2025-10-10 19:30:00+00:00,1071.53,1076.97,1070.34,1072.38,441
2025-10-10 19:45:00+00:00,1072.57,1077.29,1068.85,1071.74,447
2025-10-10 20:00:00+00:00,1071.26,1074.75,1064.04,1072.95,446
2025-10-10 20:15:00+00:00,1073.17,1078.9,1069.99,1074.31,446
2025-10-10 20:30:00+00:00,1074.19,1079.14,1072.18,1078.75,445
2025-10-10 20:45:00+00:00,1078.63,1083.39,1075.67,1082.33,443
2025-10-10 21:00:00+00:00,1082.31,1086.51,1081.56,1082.83,443
2025-10-10 21:15:00+00:00,1083.11,1084.04,1073.44,1074.03,441
2025-10-10 21:30:00+00:00,1074.22,1078.62,1072.11,1077.15,444
2025-10-10 21:45:00+00:00,1076.94,1079.9,1073.12,1076.8,440
2025-10-10 22:00:00+00:00,1076.84,1076.84,1067.26,1076.0,445
2025-10-10 22:15:00+00:00,1076.26,1082.11,1075.21,1079.8,442
2025-10-10 22:30:00+00:00,1079.35,1083.27,1073.49,1075.71,444
2025-10-10 22:45:00+00:00,1075.43,1081.31,1070.42,1080.15,446
2025-10-10 23:00:00+00:00,1079.87,1080.42,1068.31,1072.73,443
2025-10-10 23:15:00+00:00,1072.8,1085.52,1071.29,1084.92,443
2025-10-10 23:30:00+00:00,1085.03,1092.41,1085.03,1090.45,447
2025-10-10 23:45:00+00:00,1090.29,1095.51,1088.22,1093.5,441
2025-10-11 00:00:00+00:00,1093.69,1095.33,1086.32,1087.99,446
2025-10-11 00:15:00+00:00,1088.07,1089.73,1083.15,1086.2,440
2025-10-11 00:30:00+00:00,1086.12,1091.36,1079.74,1088.46,440
2025-10-11 00:45:00+00:00,1088.31,1090.9,1082.3,1084.74,445
2025-10-11 01:00:00+00:00,1084.61,1093.44,1084.1,1089.19,443
2025-10-11 01:15:00+00:00,1089.1,1090.53,1081.0,1088.36,440
2025-10-11 01:30:00+00:00,1088.37,1097.84,1087.46,1092.18,446
2025-10-11 01:45:00+00:00,1091.93,1099.48,1091.93,1092.3,447
2025-10-11 02:00:00+00:00,1092.04,1092.04,1082.06,1082.13,438
2025-10-11 02:15:00+00:00,1082.56,1083.32,1076.6,1078.64,445
2025-10-11 02:30:00+00:00,1078.79,1079.8,1071.35,1076.3,444
2025-10-11 02:45:00+00:00,1076.08,1077.0,1064.25,1064.85,440
2025-10-11 03:00:00+00:00,1064.64,1071.67,1063.65,1068.56,441
2025-10-11 03:15:00+00:00,1068.06,1076.85,1066.2,1072.43,447
2025-10-11 03:30:00+00:00,1072.02,1077.26,1071.31,1075.25,443
2025-10-11 03:45:00+00:00,1074.76,1076.75,1071.21,1074.6,439
2025-10-11 04:00:00+00:00,1074.31,1078.15,1070.76,1075.3,443
2025-10-11 04:15:00+00:00,1075.64,1076.2,1070.33,1071.28,444
2025-10-11 04:30:00+00:00,1071.3,1071.3,1064.72,1069.74,442
2025-10-11 04:45:00+00:00,1069.79,1075.65,1069.29,1069.85,445
2025-10-11 05:00:00+00:00,1069.39,1069.39,1064.58,1065.47,447
2025-10-11 05:15:00+00:00,1065.61,1071.41,1064.65,1065.15,438
2025-10-11 05:30:00+00:00,1065.22,1069.84,1064.32,1066.37,444
2025-10-11 05:45:00+00:00,1066.5,1071.34,1063.05,1065.17,443
2025-10-11 06:00:00+00:00,1065.06,1068.54,1060.2,1062.41,447
2025-10-11 06:15:00+00:00,1062.5,1064.77,1058.37,1060.27,442
2025-10-11 06:30:00+00:00,1060.33,1065.46,1058.3,1060.46,444
2025-10-11 06:45:00+00:00,1059.89,1063.13,1053.31,1053.31,442
2025-10-11 07:00:00+00:00,1053.24,1058.8,1050.98,1054.67,444
2025-10-11 07:15:00+00:00,1054.5,1057.53,1046.04,1049.17,442
2025-10-11 07:30:00+00:00,1049.12,1059.46,1048.32,1055.22,441
2025-10-11 07:45:00+00:00,1055.07,1060.92,1054.82,1057.84,438
2025-10-11 08:00:00+00:00,1057.69,1070.81,1055.99,1069.55,446
2025-10-11 08:15:00+00:00,1069.35,1072.6,1066.39,1067.94,445
2025-10-11 08:30:00+00:00,1068.02,1072.99,1066.47,1070.31,443
2025-10-11 08:45:00+00:00,1070.3,1072.26,1064.75,1068.88,442
2025-10-11 09:00:00+00:00,1069.01,1075.7,1068.71,1070.4,445
2025-10-11 09:15:00+00:00,1070.84,1074.87,1065.92,1070.73,440
2025-10-11 09:30:00+00:00,1071.27,1077.32,1068.55,1070.69,446
2025-10-11 09:45:00+00:00,1071.46,1082.0,1070.97,1080.05,445
2025-10-11 10:00:00+00:00,1079.67,1084.73,1078.7,1084.73,439
2025-10-11 10:15:00+00:00,1084.67,1087.31,1078.82,1084.75,446
2025-10-11 10:30:00+00:00,1084.92,1094.57,1083.51,1086.37,446
2025-10-11 10:45:00+00:00,1086.57,1086.58,1074.04,1074.86,440
2025-10-11 11:00:00+00:00,1075.01,1077.94,1073.49,1075.94,439
2025-10-11 11:15:00+00:00,1075.81,1076.0,1066.44,1068.2,440
2025-10-11 11:30:00+00:00,1068.23,1070.38,1064.0,1066.12,444
2025-10-11 11:45:00+00:00,1066.43,1071.97,1063.09,1070.91,446
2025-10-11 12:00:00+00:00,1070.94,1070.94,1061.84,1066.91,442
2025-10-11 12:15:00+00:00,1066.7,1069.63,1062.72,1063.82,446
2025-10-11 12:30:00+00:00,1064.08,1065.19,1054.81,1057.27,438
2025-10-11 12:45:00+00:00,1057.23,1062.21,1053.9,1061.09,446
2025-10-11 13:00:00+00:00,1060.96,1064.73,1058.8,1061.22,441
2025-10-11 13:15:00+00:00,1061.07,1065.55,1059.41,1061.92,446
2025-10-11 13:30:00+00:00,1061.41,1062.18,1052.42,1059.7,442
2025-10-11 13:45:00+00:00,1059.37,1062.55,1057.24,1057.65,441
2025-10-11 14:00:00+00:00,1057.8,1060.48,1053.9,1059.89,447
2025-10-11 14:15:00+00:00,1059.98,1063.79,1057.04,1062.33,445
2025-10-11 14:30:00+00:00,1062.36,1069.86,1062.14,1066.4,444
2025-10-11 14:45:00+00:00,1065.96,1067.0,1059.48,1064.42,438
2025-10-11 15:00:00+00:00,1064.78,1066.09,1060.96,1064.44,445
2025-10-11 15:15:00+00:00,1064.48,1066.02,1058.76,1060.13,448
2025-10-11 15:30:00+00:00,1060.24,1060.44,1053.23,1056.7,447
2025-10-11 15:45:00+00:00,1056.91,1057.66,1048.36,1049.53,445
2025-10-11 16:00:00+00:00,1049.75,1055.42,1048.69,1055.15,446
2025-10-11 16:15:00+00:00,1055.24,1058.18,1046.62,1047.34,439
2025-10-11 16:30:00+00:00,1047.34,1053.03,1044.43,1051.36,445
2025-10-11 16:45:00+00:00,1051.07,1055.07,1048.6,1053.19,439
2025-10-11 17:00:00+00:00,1052.83,1056.59,1046.17,1047.75,442
2025-10-11 17:15:00+00:00,1048.01,1048.47,1038.9,1040.78,439
2025-10-11 17:30:00+00:00,1040.92,1044.08,1037.21,1043.15,447
2025-10-11 17:45:00+00:00,1043.44,1052.19,1041.96,1050.03,447
2025-10-11 18:00:00+00:00,1049.88,1053.1,1047.85,1048.23,448
2025-10-11 18:15:00+00:00,1047.95,1052.85,1045.02,1049.95,444
2025-10-11 18:30:00+00:00,1049.99,1051.23,1039.15,1040.55,439
2025-10-11 18:45:00+00:00,1040.08,1049.46,1039.52,1049.37,442
2025-10-11 19:00:00+00:00,1049.6,1057.39,1049.42,1054.26,439
2025-10-11 19:15:00+00:00,1054.23,1059.72,1052.51,1057.94,442
2025-10-11 19:30:00+00:00,1058.05,1058.22,1050.94,1054.18,446
2025-10-11 19:45:00+00:00,1054.52,1054.83,1046.61,1049.75,445
2025-10-11 20:00:00+00:00,1049.44,1054.76,1046.32,1053.2,443
2025-10-11 20:15:00+00:00,1053.25,1053.33,1046.57,1050.98,446
2025-10-11 20:30:00+00:00,1050.85,1058.9,1045.77,1058.9,443
2025-10-11 20:45:00+00:00,1058.79,1060.1,1052.44,1056.94,442
2025-10-11 21:00:00+00:00,1057.12,1061.18,1055.33,1060.92,440
2025-10-11 21:15:00+00:00,1061.09,1063.93,1054.33,1058.03,446
2025-10-11 21:30:00+00:00,1057.61,1060.15,1051.07,1052.66,444
2025-10-11 21:45:00+00:00,1053.2,1054.53,1047.94,1051.53,446
2025-10-11 22:00:00+00:00,1051.95,1052.99,1042.7,1043.46,445
2025-10-11 22:15:00+00:00,1043.69,1053.95,1041.7,1051.1,449
2025-10-11 22:30:00+00:00,1051.32,1052.59,1043.85,1049.08,438
2025-10-11 22:45:00+00:00,1048.76,1049.96,1041.67,1043.57,438
2025-10-11 23:00:00+00:00,1043.5,1048.02,1041.94,1045.24,447
2025-10-11 23:15:00+00:00,1045.35,1051.13,1032.1,1032.1,438
2025-10-11 23:30:00+00:00,1031.8,1040.08,1030.89,1037.95,446
2025-10-11 23:45:00+00:00,1037.78,1038.37,1031.72,1036.39,444
2025-10-12 00:00:00+00:00,1036.3,1038.23,1033.78,1035.42,445
2025-10-12 00:15:00+00:00,1035.21,1036.08,1028.71,1029.14,445
2025-10-12 00:30:00+00:00,1028.85,1032.62,1028.03,1029.77,441
2025-10-12 00:45:00+00:00,1029.77,1033.98,1024.91,1027.68,446
2025-10-12 01:00:00+00:00,1028.22,1034.3,1025.75,1032.96,447
2025-10-12 01:15:00+00:00,1032.54,1046.03,1032.54,1036.99,443
2025-10-12 01:30:00+00:00,1037.06,1042.85,1034.18,1041.36,443
2025-10-12 01:45:00+00:00,1041.23,1052.08,1041.23,1051.73,444
2025-10-12 02:00:00+00:00,1051.49,1057.03,1051.03,1056.15,450
2025-10-12 02:15:00+00:00,1055.94,1068.67,1055.19,1068.06,440
2025-10-12 02:30:00+00:00,1068.43,1072.72,1063.68,1063.68,446
2025-10-12 02:45:00+00:00,1063.53,1065.23,1059.07,1065.05,445
2025-10-12 03:00:00+00:00,1065.06,1070.53,1061.23,1064.93,441
2025-10-12 03:15:00+00:00,1065.35,1072.17,1064.21,1070.98,445
2025-10-12 03:30:00+00:00,1070.91,1077.1,1065.98,1066.39,440
2025-10-12 03:45:00+00:00,1066.4,1067.17,1058.49,1058.65,443
2025-10-12 04:00:00+00:00,1058.57,1062.24,1057.31,1061.39,448
2025-10-12 04:15:00+00:00,1061.55,1068.04,1060.96,1062.78,440
2025-10-12 04:30:00+00:00,1063.48,1064.51,1052.66,1052.83,441
2025-10-12 04:45:00+00:00,1052.92,1062.53,1049.1,1049.56,443
2025-10-12 05:00:00+00:00,1049.44,1050.88,1043.07,1043.07,440
2025-10-12 05:15:00+00:00,1042.99,1044.0,1037.19,1039.27,442
2025-10-12 05:30:00+00:00,1038.88,1041.85,1034.42,1039.24,443
2025-10-12 05:45:00+00:00,1039.12,1052.52,1039.12,1052.15,439
2025-10-12 06:00:00+00:00,1052.2,1053.38,1044.9,1044.9,443
2025-10-12 06:15:00+00:00,1044.77,1047.88,1042.53,1047.05,446
2025-10-12 06:30:00+00:00,1047.14,1057.43,1046.02,1053.17,446
2025-10-12 06:45:00+00:00,1053.45,1055.5,1049.12,1049.98,441
2025-10-12 07:00:00+00:00,1049.97,1051.7,1043.54,1043.91,443
2025-10-12 07:15:00+00:00,1043.68,1053.32,1043.14,1051.76,440
2025-10-12 07:30:00+00:00,1051.25,1058.3,1049.5,1055.5,443
2025-10-12 07:45:00+00:00,1055.36,1060.53,1054.33,1055.68,443
2025-10-12 08:00:00+00:00,1055.91,1060.45,1053.53,1055.77,443
2025-10-12 08:15:00+00:00,1055.5,1062.91,1053.28,1062.65,447
2025-10-12 08:30:00+00:00,1062.98,1064.53,1051.5,1058.3,444
2025-10-12 08:45:00+00:00,1058.36,1058.6,1052.49,1054.52,446
2025-10-12 09:00:00+00:00,1054.34,1063.92,1053.72,1059.25,446
2025-10-12 09:15:00+00:00,1059.52,1064.89,1056.52,1061.81,442
2025-10-12 09:30:00+00:00,1061.51,1068.66,1060.8,1066.68,446
2025-10-12 09:45:00+00:00,1067.09,1068.48,1058.65,1058.8,444
2025-10-12 10:00:00+00:00,1059.09,1059.29,1047.22,1050.52,443
2025-10-12 10:15:00+00:00,1050.7,1065.37,1049.09,1064.68,443
2025-10-12 10:30:00+00:00,1065.17,1074.21,1064.27,1072.5,449
2025-10-12 10:45:00+00:00,1072.22,1079.11,1071.65,1077.1,441
2025-10-12 11:00:00+00:00,1077.35,1077.48,1062.25,1063.42,440
2025-10-12 11:15:00+00:00,1063.31,1066.06,1059.67,1064.79,445
2025-10-12 11:30:00+00:00,1064.49,1070.71,1062.4,1068.41,442
2025-10-12 11:45:00+00:00,1068.46,1069.12,1061.24,1062.03,440
2025-10-12 12:00:00+00:00,1062.31,1069.47,1061.32,1067.7,444
2025-10-12 12:15:00+00:00,1068.0,1071.26,1063.0,1063.0,445
2025-10-12 12:30:00+00:00,1062.88,1065.17,1058.46,1059.87,439
2025-10-12 12:45:00+00:00,1059.69,1065.39,1058.15,1064.59,446
2025-10-12 13:00:00+00:00,1064.54,1065.02,1053.46,1054.25,446
2025-10-12 13:15:00+00:00,1053.98,1058.47,1049.81,1051.55,440
2025-10-12 13:30:00+00:00,1051.73,1058.94,1051.73,1057.79,442
2025-10-12 13:45:00+00:00,1057.59,1060.87,1052.77,1060.14,445
2025-10-12 14:00:00+00:00,1059.93,1063.72,1058.45,1062.19,444
2025-10-12 14:15:00+00:00,1062.24,1064.14,1057.88,1060.08,444
2025-10-12 14:30:00+00:00,1059.97,1069.05,1058.69,1067.11,445
2025-10-12 14:45:00+00:00,1066.76,1070.36,1055.6,1057.98,446
2025-10-12 15:00:00+00:00,1057.26,1060.93,1052.17,1056.99,441
2025-10-12 15:15:00+00:00,1057.06,1060.05,1055.29,1056.16,447
2025-10-12 15:30:00+00:00,1056.24,1067.82,1056.24,1067.64,445
2025-10-12 15:45:00+00:00,1067.47,1068.84,1063.31,1066.58,438
2025-10-12 16:00:00+00:00,1066.23,1073.5,1065.4,1067.13,445
2025-10-12 16:15:00+00:00,1066.69,1069.94,1061.89,1068.51,446
2025-10-12 16:30:00+00:00,1068.4,1075.78,1066.53,1074.36,442
2025-10-12 16:45:00+00:00,1074.6,1078.01,1069.17,1070.74,444
2025-10-12 17:00:00+00:00,1071.05,1074.05,1066.35,1073.21,443
2025-10-12 17:15:00+00:00,1073.3,1076.5,1067.26,1071.49,444
2025-10-12 17:30:00+00:00,1071.54,1078.13,1068.18,1076.36,444
2025-10-12 17:45:00+00:00,1076.47,1085.9,1075.1,1076.14,444
2025-10-12 18:00:00+00:00,1076.35,1083.97,1075.86,1076.05,441
2025-10-12 18:15:00+00:00,1076.06,1081.84,1072.23,1077.77,446
2025-10-12 18:30:00+00:00,1077.87,1082.09,1074.11,1075.19,443
2025-10-12 18:45:00+00:00,1074.99,1082.23,1073.59,1075.09,445
2025-10-12 19:00:00+00:00,1075.07,1079.73,1071.58,1079.73,443
2025-10-12 19:15:00+00:00,1079.58,1095.72,1079.31,1095.43,443
2025-10-12 19:30:00+00:00,1095.5,1099.4,1088.28,1098.78,448
2025-10-12 19:45:00+00:00,1098.01,1098.34,1090.41,1092.73,447
2025-10-12 20:00:00+00:00,1092.81,1096.61,1090.31,1096.32,446
2025-10-12 20:15:00+00:00,1095.92,1099.18,1094.11,1097.21,443
2025-10-12 20:30:00+00:00,1097.07,1104.21,1094.43,1101.58,447
2025-10-12 20:45:00+00:00,1101.15,1101.95,1095.11,1099.16,445
2025-10-12 21:00:00+00:00,1099.42,1104.11,1095.28,1096.27,439
2025-10-12 21:15:00+00:00,1096.47,1098.87,1087.72,1088.61,445
2025-10-12 21:30:00+00:00,1088.28,1092.05,1082.74,1084.12,441
2025-10-12 21:45:00+00:00,1083.89,1086.33,1076.01,1076.96,446
2025-10-12 22:00:00+00:00,1076.98,1077.35,1069.21,1069.73,443
2025-10-12 22:15:00+00:00,1069.84,1076.64,1069.71,1076.41,441
2025-10-12 22:30:00+00:00,1076.49,1085.6,1075.09,1083.58,447
2025-10-12 22:45:00+00:00,1083.3,1095.78,1082.73,1091.4,443
2025-10-12 23:00:00+00:00,1091.1,1093.38,1086.02,1087.13,445
2025-10-12 23:15:00+00:00,1086.88,1091.89,1081.3,1081.74,444
2025-10-12 23:30:00+00:00,1081.46,1085.63,1079.51,1082.67,441
2025-10-12 23:45:00+00:00,1082.57,1086.64,1077.26,1079.21,442
2025-10-13 00:00:00+00:00,1079.0,1095.17,1078.15,1094.11,443
2025-10-13 00:15:00+00:00,1093.95,1104.37,1093.04,1101.34,444
2025-10-13 00:30:00+00:00,1100.71,1107.19,1094.63,1106.66,447
2025-10-13 00:45:00+00:00,1106.58,1111.72,1103.77,1107.14,437
2025-10-13 01:00:00+00:00,1107.43,1110.72,1104.01,1109.5,441
2025-10-13 01:15:00+00:00,1109.35,1113.63,1106.02,1110.33,443
2025-10-13 01:30:00+00:00,1110.04,1119.52,1107.9,1116.96,444
2025-10-13 01:45:00+00:00,1117.0,1122.02,1115.43,1118.0,445
2025-10-13 02:00:00+00:00,1117.88,1118.63,1112.37,1115.8,440
2025-10-13 02:15:00+00:00,1115.83,1129.21,1113.88,1129.21,441
2025-10-13 02:30:00+00:00,1128.5,1131.27,1122.47,1127.57,448
2025-10-13 02:45:00+00:00,1127.38,1128.01,1115.56,1118.71,442
2025-10-13 03:00:00+00:00,1118.82,1127.57,1117.22,1127.57,442
2025-10-13 03:15:00+00:00,1127.64,1138.64,1125.65,1133.77,446
2025-10-13 03:30:00+00:00,1133.76,1134.57,1126.35,1131.28,440
2025-10-13 03:45:00+00:00,1131.26,1137.54,1127.07,1136.11,442
2025-10-13 04:00:00+00:00,1135.82,1139.73,1132.16,1134.39,444
2025-10-13 04:15:00+00:00,1134.52,1139.99,1131.66,1137.72,443
2025-10-13 04:30:00+00:00,1137.31,1139.28,1123.45,1128.79,447
2025-10-13 04:45:00+00:00,1129.07,1129.55,1118.58,1121.34,445
2025-10-13 05:00:00+00:00,1121.84,1124.94,1118.43,1124.53,445
2025-10-13 05:15:00+00:00,1124.31,1125.59,1117.56,1117.64,442
2025-10-13 05:30:00+00:00,1117.61,1119.46,1102.05,1108.53,443
2025-10-13 05:45:00+00:00,1108.74,1115.56,1107.47,1113.63,444
2025-10-13 06:00:00+00:00,1113.43,1116.19,1109.95,1114.01,448
2025-10-13 06:15:00+00:00,1114.11,1114.89,1108.03,1111.54,442
2025-10-13 06:30:00+00:00,1110.95,1120.52,1110.44,1114.87,446
2025-10-13 06:45:00+00:00,1114.75,1122.35,1111.7,1111.93,444
2025-10-13 07:00:00+00:00,1111.99,1112.02,1101.88,1110.13,439
2025-10-13 07:15:00+00:00,1110.18,1123.67,1110.0,1123.14,442
2025-10-13 07:30:00+00:00,1122.8,1126.13,1118.1,1120.65,443
2025-10-13 07:45:00+00:00,1120.6,1129.01,1119.77,1127.6,442
2025-10-13 08:00:00+00:00,1128.16,1128.57,1119.88,1120.17,442
2025-10-13 08:15:00+00:00,1120.37,1126.22,1119.34,1119.78,444
2025-10-13 08:30:00+00:00,1119.98,1124.2,1116.58,1117.38,448
2025-10-13 08:45:00+00:00,1117.03,1122.28,1113.95,1115.95,443
2025-10-13 09:00:00+00:00,1115.47,1119.07,1103.02,1103.02,446
2025-10-13 09:15:00+00:00,1102.55,1103.96,1096.48,1097.65,446
2025-10-13 09:30:00+00:00,1097.6,1099.44,1092.64,1095.28,444
2025-10-13 09:45:00+00:00,1095.16,1099.6,1088.66,1089.17,445
2025-10-13 10:00:00+00:00,1088.82,1088.84,1081.01,1083.07,441
2025-10-13 10:15:00+00:00,1083.17,1093.46,1082.01,1092.97,440
2025-10-13 10:30:00+00:00,1092.99,1093.38,1078.73,1078.73,445
2025-10-13 10:45:00+00:00,1078.61,1080.41,1075.56,1077.45,443
2025-10-13 11:00:00+00:00,1076.89,1078.73,1070.17,1073.49,445
2025-10-13 11:15:00+00:00,1073.51,1080.72,1071.71,1079.6,444
2025-10-13 11:30:00+00:00,1079.55,1081.0,1071.21,1071.84,444
2025-10-13 11:45:00+00:00,1071.49,1078.91,1070.12,1078.35,443
2025-10-13 12:00:00+00:00,1078.3,1083.0,1077.05,1081.23,443
2025-10-13 12:15:00+00:00,1081.14,1081.74,1073.02,1080.88,446
2025-10-13 12:30:00+00:00,1080.65,1080.76,1073.75,1078.51,443
2025-10-13 12:45:00+00:00,1078.74,1082.02,1074.23,1080.6,447
2025-10-13 13:00:00+00:00,1081.16,1081.75,1072.12,1072.72,441
2025-10-13 13:15:00+00:00,1072.67,1082.38,1067.86,1081.37,446
2025-10-13 13:30:00+00:00,1081.43,1083.96,1076.63,1080.56,444
2025-10-13 13:45:00+00:00,1080.36,1085.27,1079.07,1083.26,443
2025-10-13 14:00:00+00:00,1083.05,1097.24,1082.81,1092.34,444
2025-10-13 14:15:00+00:00,1092.43,1092.43,1078.35,1083.58,445
2025-10-13 14:30:00+00:00,1083.71,1084.03,1073.1,1074.78,444
2025-10-13 14:45:00+00:00,1075.15,1083.75,1072.43,1078.15,440
2025-10-13 15:00:00+00:00,1078.68,1082.06,1073.55,1074.04,441
2025-10-13 15:15:00+00:00,1074.53,1074.61,1066.52,1068.38,447
2025-10-13 15:30:00+00:00,1068.29,1074.44,1064.71,1067.75,441
2025-10-13 15:45:00+00:00,1068.03,1075.26,1067.63,1068.65,447
2025-10-13 16:00:00+00:00,1068.41,1076.37,1063.34,1075.95,444
2025-10-13 16:15:00+00:00,1075.89,1081.28,1074.74,1076.9,446
2025-10-13 16:30:00+00:00,1076.68,1082.38,1074.56,1082.05,450
2025-10-13 16:45:00+00:00,1081.97,1084.31,1075.47,1081.97,447
2025-10-13 17:00:00+00:00,1081.92,1082.18,1073.33,1076.75,444
2025-10-13 17:15:00+00:00,1076.65,1079.6,1073.03,1076.8,445
2025-10-13 17:30:00+00:00,1077.11,1078.82,1070.97,1075.07,443
2025-10-13 17:45:00+00:00,1074.96,1081.69,1072.63,1076.41,439
2025-10-13 18:00:00+00:00,1076.05,1083.56,1075.31,1078.19,446
2025-10-13 18:15:00+00:00,1078.28,1081.62,1073.42,1074.99,442
2025-10-13 18:30:00+00:00,1075.02,1077.93,1071.95,1073.19,442
2025-10-13 18:45:00+00:00,1073.48,1073.76,1066.49,1067.73,449
2025-10-13 19:00:00+00:00,1067.76,1070.61,1062.1,1066.63,438
2025-10-13 19:15:00+00:00,1066.69,1082.57,1066.69,1082.47,444
2025-10-13 19:30:00+00:00,1083.06,1089.92,1082.42,1088.24,443
2025-10-13 19:45:00+00:00,1088.0,1090.69,1084.65,1084.74,443
2025-10-13 20:00:00+00:00,1085.03,1090.33,1082.3,1086.01,442
2025-10-13 20:15:00+00:00,1085.8,1091.7,1083.7,1089.99,446
2025-10-13 20:30:00+00:00,1090.03,1093.32,1084.32,1085.86,444
2025-10-13 20:45:00+00:00,1085.7,1086.8,1080.1,1083.7,444
2025-10-13 21:00:00+00:00,1083.53,1087.23,1081.25,1083.92,446
2025-10-13 21:15:00+00:00,1084.04,1087.27,1081.7,1086.49,441
2025-10-13 21:30:00+00:00,1086.4,1088.46,1084.07,1086.31,441
2025-10-13 21:45:00+00:00,1085.96,1087.24,1081.07,1082.26,447
2025-10-13 22:00:00+00:00,1082.3,1085.59,1079.19,1081.47,444
